User_ID,Category_ID
29-9857288,ENL501
29-9857288,POL102
29-9857288,EDU401
29-9857288,CRL301
29-9857288,SPO402
29-9857288,REL202
87-2139738,TEC502
83-1522008,EDU401
83-1522008,ION801
29-5306394,USN702
29-5306394,BUF201
19-6032758,CRL301
19-6032758,POL102
19-6032758,SPO402
19-6032758,ART101
19-6032758,TEC502
19-6032758,ION801
19-6032758,ENL501
66-1610281,TRA602
66-1610281,POL102
66-1610281,REL202
66-1610281,SCE302
87-8030977,ART101
87-8030977,BUF201
87-8030977,SCE302
87-8030977,POL102
87-8030977,LGB901
79-3656083,CRL301
79-3656083,SPO402
79-3656083,ENL501
79-3656083,ION801
79-3656083,REL202
79-3656083,TRA602
19-1652685,ART101
19-1652685,USN702
19-1652685,EDU401
19-1652685,POL102
19-1652685,ENL501
19-1652685,HWE701
19-1652685,TEC502
41-5767566,BUF201
41-5767566,ION801
41-5767566,USN702
41-5767566,TRA602
41-5767566,LGB901
41-5767566,SCE302
90-6265866,CRL301
90-6265866,ION801
90-6265866,REL202
90-6265866,ENL501
90-6265866,TEC502
37-5535989,POL102
37-5535989,EDU401
37-5535989,SCE302
37-5535989,ART101
37-5535989,ENL501
37-5535989,USN702
37-5535989,HWE701
14-6761267,GNC601
14-6761267,REL202
53-7436520,USN702
53-7436520,CRL301
53-7436520,GNC601
53-7436520,LGB901
40-8527819,USN702
40-8527819,TEC502
40-8527819,SPO402
40-8527819,EDU401
40-8527819,POL102
40-8527819,CRL301
38-3494768,LGB901
38-3494768,ION801
38-3494768,SCE302
38-3494768,CRL301
38-3494768,REL202
21-2391036,USN702
21-2391036,EDU401
21-2391036,ART101
21-2391036,TEC502
88-1932141,TEC502
88-1932141,EDU401
04-1451341,SPO402
04-1451341,ION801
20-0876872,ART101
20-0876872,USN702
20-0876872,EDU401
20-0876872,SCE302
72-8953332,TRA602
72-8953332,BUF201
72-8953332,GNC601
72-8953332,ENL501
72-8953332,ART101
72-8953332,SCE302
72-8953332,HWE701
17-8662325,TEC502
17-8662325,ION801
17-8662325,TRA602
06-6770313,SCE302
06-6770313,BUF201
06-6770313,TRA602
06-6770313,EDU401
06-6770313,ION801
25-0644847,ENL501
25-0644847,HWE701
52-8421146,ART101
10-9739232,SPO402
10-9739232,LGB901
10-9739232,POL102
37-8951059,EDU401
37-8951059,SCE302
37-8951059,BUF201
37-8951059,REL202
70-4798438,SPO402
70-4798438,ENL501
70-4798438,USN702
70-4798438,TEC502
70-4798438,POL102
55-5094463,TRA602
55-5094463,SPO402
55-5094463,USN702
55-5094463,LGB901
22-3671259,REL202
22-3671259,POL102
62-9929260,TRA602
62-9929260,SCE302
62-9929260,TEC502
62-9929260,CRL301
62-9929260,ION801
62-9929260,GNC601
50-9406425,TRA602
50-9406425,EDU401
50-9406425,POL102
99-0700790,SCE302
99-0700790,BUF201
68-4354531,ION801
68-4354531,USN702
68-4354531,ART101
68-4354531,REL202
68-4354531,TRA602
68-4354531,SPO402
68-4354531,GNC601
75-2417573,CRL301
75-2417573,ION801
75-2417573,REL202
75-2417573,HWE701
75-2417573,SCE302
75-2417573,EDU401
75-2417573,POL102
60-3850766,ENL501
60-3850766,REL202
60-3850766,HWE701
28-9242340,CRL301
28-9242340,TEC502
45-8330915,ENL501
45-8330915,HWE701
45-8330915,TEC502
45-8330915,ART101
45-8330915,ION801
45-8330915,BUF201
81-9729155,LGB901
81-9729155,USN702
81-9729155,ART101
81-9729155,TEC502
76-9468313,ION801
76-9468313,REL202
76-9468313,LGB901
76-9468313,CRL301
76-9468313,GNC601
76-9468313,EDU401
71-0871221,SCE302
71-0871221,ENL501
71-0871221,USN702
71-0871221,HWE701
71-0871221,TRA602
71-0871221,ION801
71-0871221,REL202
76-6708872,ION801
76-6708872,ART101
76-6708872,SCE302
76-6708872,GNC601
76-6708872,CRL301
76-6708872,USN702
76-6708872,EDU401
68-2063454,POL102
68-2063454,ION801
68-2063454,GNC601
22-9380738,SPO402
22-9380738,REL202
22-9380738,ENL501
22-9380738,EDU401
22-9380738,ART101
22-9380738,LGB901
99-9555419,ART101
99-9555419,EDU401
99-9555419,TEC502
99-9555419,CRL301
99-9555419,ENL501
99-9555419,BUF201
67-5519707,SPO402
67-5519707,HWE701
67-5519707,ART101
67-5519707,GNC601
66-0886583,SCE302
66-0886583,LGB901
66-0886583,ENL501
66-0886583,ART101
66-0886583,EDU401
90-5707606,ENL501
90-5707606,ION801
90-5707606,HWE701
90-5707606,TRA602
90-5707606,REL202
97-2476333,BUF201
97-2476333,HWE701
97-2476333,CRL301
97-2476333,USN702
97-2476333,ION801
97-2476333,ENL501
97-2476333,ART101
38-8019051,EDU401
38-8019051,SPO402
38-8019051,USN702
38-8019051,TEC502
38-8019051,GNC601
84-7027782,EDU401
84-7027782,SPO402
81-8340719,BUF201
81-8340719,HWE701
81-8340719,POL102
57-8698999,SCE302
57-8698999,CRL301
50-4061017,GNC601
50-4061017,SCE302
50-4061017,BUF201
50-4061017,LGB901
50-4061017,EDU401
50-4061017,REL202
50-4061017,POL102
90-5291000,ENL501
90-5291000,ART101
90-5291000,CRL301
90-5291000,USN702
90-5291000,ION801
90-5291000,TEC502
82-5765113,TRA602
82-5765113,CRL301
82-5765113,ION801
82-5765113,REL202
38-9113692,BUF201
38-9113692,SPO402
38-9113692,ART101
38-9113692,ENL501
60-1813614,BUF201
60-1813614,ENL501
60-1813614,LGB901
60-1813614,SCE302
60-1813614,EDU401
60-1813614,HWE701
23-5856620,BUF201
23-5856620,TEC502
23-5856620,POL102
23-5856620,EDU401
23-5856620,LGB901
23-5856620,SPO402
23-5856620,REL202
69-4861392,USN702
69-4861392,ION801
69-4861392,CRL301
94-1944892,REL202
94-1944892,ENL501
94-1944892,ART101
94-1944892,LGB901
94-1944892,SPO402
94-1944892,CRL301
18-0169035,ION801
18-0169035,TEC502
18-0169035,USN702
18-0169035,SPO402
18-0169035,HWE701
76-7186544,ENL501
76-7186544,BUF201
76-7186544,ION801
76-7186544,SPO402
76-7186544,TEC502
76-7186544,POL102
76-7186544,LGB901
00-3262042,SPO402
00-3262042,HWE701
00-3262042,USN702
00-3262042,ENL501
00-3262042,BUF201
86-7645003,TRA602
14-6764533,CRL301
14-6764533,SPO402
14-6764533,POL102
14-6764533,ART101
14-6764533,TRA602
14-6764533,HWE701
29-6742727,LGB901
29-6742727,SCE302
29-6742727,TRA602
29-6742727,ART101
29-6742727,CRL301
08-1867051,ENL501
08-1867051,BUF201
08-1867051,CRL301
08-1867051,GNC601
61-5934669,USN702
61-5934669,POL102
61-5934669,REL202
61-5934669,GNC601
01-0238590,SPO402
71-9654547,GNC601
71-9654547,SCE302
71-9654547,TEC502
71-9654547,CRL301
51-0266574,REL202
51-0266574,TRA602
51-0266574,LGB901
51-0266574,GNC601
51-0266574,TEC502
63-3281565,ART101
63-3281565,LGB901
37-8396148,ION801
37-8396148,HWE701
37-8396148,REL202
37-8396148,BUF201
09-0221486,TEC502
09-0221486,TRA602
09-0221486,ART101
47-2516382,CRL301
27-4382835,TRA602
27-4382835,ART101
27-4382835,ENL501
27-4382835,BUF201
27-4382835,GNC601
25-8962047,CRL301
25-8962047,TEC502
25-8962047,ART101
25-8962047,SCE302
87-0832830,TEC502
87-0832830,TRA602
87-0832830,ION801
87-0832830,ART101
87-0832830,GNC601
02-4138711,ION801
02-4138711,TEC502
02-4138711,GNC601
27-3258286,TEC502
27-3258286,ENL501
27-3258286,TRA602
27-3258286,GNC601
27-3258286,LGB901
27-3258286,ION801
42-2806161,REL202
42-2806161,CRL301
42-2806161,HWE701
42-2806161,BUF201
05-2801292,CRL301
05-2801292,POL102
05-2801292,SCE302
05-2801292,BUF201
05-2801292,HWE701
05-2801292,TEC502
05-2801292,TRA602
37-7099104,SCE302
37-7099104,TEC502
37-7099104,GNC601
37-7099104,LGB901
37-7099104,CRL301
11-5466723,POL102
11-5466723,TEC502
11-5466723,BUF201
11-5466723,REL202
11-5466723,ION801
11-5466723,EDU401
82-4589499,ART101
82-4589499,HWE701
82-4589499,EDU401
82-4589499,REL202
82-4589499,TEC502
43-7615499,CRL301
43-7615499,ENL501
43-7615499,TEC502
43-7615499,POL102
90-7522426,ENL501
93-1398043,ENL501
93-1398043,ION801
93-1398043,HWE701
93-1398043,TRA602
62-5445313,ART101
62-5445313,CRL301
62-5445313,ENL501
62-5445313,SCE302
62-5445313,SPO402
62-5445313,HWE701
62-5445313,TRA602
49-2777535,SPO402
49-2777535,POL102
49-2777535,TEC502
49-2777535,LGB901
49-2777535,GNC601
49-2777535,REL202
49-2777535,EDU401
33-2406582,ENL501
33-2406582,SPO402
33-2406582,BUF201
27-6872724,CRL301
27-6872724,LGB901
27-6872724,SPO402
35-3924687,HWE701
35-3924687,SCE302
80-8732945,CRL301
80-8732945,HWE701
80-8732945,ENL501
80-8732945,REL202
80-8732945,BUF201
80-8732945,SPO402
09-1311264,LGB901
09-1311264,TRA602
09-1311264,SCE302
09-1311264,HWE701
09-1311264,POL102
83-8057200,ART101
83-8057200,POL102
46-7853134,EDU401
93-9219016,ART101
93-9219016,USN702
93-9219016,ENL501
08-3419613,ION801
08-3419613,POL102
08-3419613,TEC502
08-3419613,SCE302
08-3419613,ART101
08-3419613,CRL301
08-3419613,SPO402
54-5046160,ART101
54-5046160,TEC502
54-5046160,POL102
54-5046160,USN702
54-5046160,TRA602
54-5046160,CRL301
54-5046160,BUF201
20-7198835,HWE701
67-4311263,SPO402
67-4311263,ION801
67-4311263,TRA602
67-4311263,SCE302
90-8593850,LGB901
26-1415541,ENL501
53-9983672,SPO402
53-9983672,ENL501
53-9983672,HWE701
53-9983672,BUF201
53-9983672,CRL301
53-9983672,TRA602
74-9092579,ENL501
74-9092579,SCE302
81-3669709,SCE302
81-3669709,ENL501
15-5406150,ION801
15-5406150,SCE302
98-5220795,LGB901
98-5220795,POL102
98-5220795,GNC601
75-8918773,ENL501
75-8918773,BUF201
75-8918773,LGB901
75-8918773,SPO402
75-8918773,TEC502
75-8918773,HWE701
75-8918773,REL202
41-7916024,ION801
41-7916024,ENL501
41-7916024,TRA602
41-7916024,EDU401
41-7916024,ART101
41-7916024,USN702
41-7916024,REL202
06-1715693,SPO402
06-1715693,TRA602
06-1715693,GNC601
06-1715693,REL202
06-1715693,TEC502
06-1715693,USN702
06-1715693,ART101
60-5600006,ION801
60-5600006,ENL501
60-5600006,SPO402
60-5600006,BUF201
60-5600006,SCE302
60-5600006,HWE701
33-5246435,GNC601
33-5246435,SPO402
71-6815978,BUF201
21-2538341,ENL501
21-2538341,ART101
21-2538341,HWE701
21-2538341,USN702
21-2538341,SCE302
53-6144723,EDU401
53-6144723,SCE302
53-6144723,LGB901
53-6144723,ART101
53-6144723,REL202
05-5285169,EDU401
05-5285169,SPO402
05-5285169,ART101
05-5285169,LGB901
05-5285169,POL102
11-2232467,GNC601
11-2232467,LGB901
11-2232467,REL202
83-7107877,EDU401
83-7107877,SCE302
83-7107877,ENL501
83-7107877,POL102
83-7107877,TRA602
83-7107877,BUF201
59-3419177,GNC601
93-2833634,BUF201
93-2833634,LGB901
93-2833634,USN702
93-2833634,GNC601
26-4649967,ENL501
26-4649967,CRL301
74-5752693,ART101
48-0731628,ART101
48-0731628,CRL301
48-0731628,REL202
48-0731628,POL102
48-0731628,LGB901
48-0731628,USN702
07-9265442,ART101
07-9265442,SPO402
31-9370437,HWE701
31-9370437,TEC502
31-9370437,TRA602
31-9370437,BUF201
31-9370437,ART101
31-9370437,EDU401
23-1424694,BUF201
23-1424694,GNC601
23-1424694,SCE302
23-1424694,ART101
23-1424694,TEC502
47-3455944,ION801
47-3455944,SPO402
99-0846861,CRL301
99-0846861,ENL501
99-0846861,GNC601
99-0846861,TEC502
17-7112772,ENL501
17-7112772,LGB901
17-7112772,USN702
17-7112772,TRA602
17-7112772,POL102
17-7112772,GNC601
92-3211082,TEC502
92-3211082,USN702
92-3211082,REL202
92-3211082,TRA602
84-8927101,POL102
84-8927101,LGB901
84-8927101,USN702
84-8927101,SPO402
84-8927101,ION801
84-8927101,ART101
84-9781510,BUF201
84-9781510,SCE302
84-9781510,GNC601
84-9781510,TEC502
83-6175957,TRA602
83-6175957,ION801
19-1644734,EDU401
19-1644734,ENL501
19-1644734,SPO402
19-1644734,USN702
19-1644734,LGB901
19-1644734,CRL301
19-1644734,REL202
09-1576676,POL102
09-1576676,USN702
09-1576676,ENL501
41-1266896,REL202
41-1266896,ION801
41-1266896,CRL301
41-1266896,POL102
41-1266896,USN702
41-1266896,TEC502
41-1266896,LGB901
03-7029060,HWE701
03-7029060,BUF201
03-7029060,ION801
03-7029060,CRL301
72-4568876,ION801
72-4568876,SCE302
62-5779037,REL202
67-8922994,TEC502
67-8922994,POL102
67-8922994,TRA602
97-2051382,REL202
97-2051382,HWE701
97-2051382,TRA602
00-9351579,USN702
00-9351579,CRL301
49-1581992,CRL301
96-5853869,HWE701
96-5853869,LGB901
62-1015261,EDU401
62-1015261,USN702
62-1015261,TEC502
40-9501816,LGB901
87-3321486,TEC502
87-3321486,ART101
87-3321486,POL102
87-3321486,GNC601
75-7674654,CRL301
75-7674654,GNC601
75-7674654,EDU401
75-7674654,SCE302
82-0273521,USN702
82-0273521,ENL501
01-4026877,HWE701
01-4026877,REL202
01-4026877,LGB901
60-6101451,TRA602
60-6101451,POL102
60-6101451,EDU401
60-6101451,CRL301
60-6101451,SPO402
60-6101451,BUF201
60-6101451,SCE302
10-1030692,TRA602
10-1030692,POL102
10-1030692,ION801
20-0767985,CRL301
20-0767985,ION801
20-0767985,TRA602
20-0767985,ART101
20-0767985,HWE701
27-5548651,SCE302
27-5548651,POL102
27-5548651,SPO402
27-5548651,ENL501
27-5548651,EDU401
27-5548651,HWE701
53-7119895,ION801
53-7119895,HWE701
53-7119895,USN702
53-7119895,BUF201
53-7119895,EDU401
76-5044129,ENL501
76-5044129,HWE701
76-5044129,EDU401
76-5044129,ART101
76-5044129,POL102
76-5044129,BUF201
70-7918687,ION801
70-7918687,CRL301
70-7918687,TEC502
70-7918687,BUF201
70-7918687,HWE701
70-7918687,EDU401
20-7749334,ENL501
20-7749334,USN702
20-7749334,ART101
45-6491742,ENL501
45-6491742,SPO402
45-6491742,TRA602
45-6491742,TEC502
45-6491742,ION801
98-8794197,REL202
98-8794197,SCE302
98-8794197,USN702
98-8794197,EDU401
98-8794197,GNC601
98-8794197,ART101
98-8794197,LGB901
94-4103717,CRL301
94-4103717,TRA602
94-4103717,REL202
94-4103717,POL102
48-3051509,ART101
81-7339232,GNC601
91-8985511,REL202
91-8985511,SCE302
91-8985511,TRA602
91-8985511,ART101
91-8985511,CRL301
91-8985511,EDU401
38-6947195,ART101
97-7219438,ART101
97-7219438,GNC601
97-7219438,SCE302
68-7637793,REL202
68-7637793,GNC601
68-7637793,CRL301
68-7637793,BUF201
98-8579144,TEC502
98-8579144,HWE701
98-8579144,ION801
98-8579144,EDU401
50-4878610,HWE701
50-4878610,USN702
50-4878610,SPO402
50-4878610,CRL301
50-4878610,TRA602
09-3502902,SPO402
09-3502902,BUF201
09-3502902,ENL501
96-6555415,EDU401
96-6555415,GNC601
35-8488200,REL202
35-8488200,LGB901
35-8488200,TRA602
35-8488200,USN702
38-7820815,USN702
38-7820815,HWE701
38-7820815,POL102
38-7820815,TEC502
38-7820815,ENL501
58-2452557,USN702
58-2452557,GNC601
74-4639667,SCE302
74-4639667,TRA602
74-3403181,GNC601
74-3403181,LGB901
74-3403181,REL202
74-3403181,EDU401
14-1044756,ION801
14-1044756,HWE701
14-1044756,BUF201
14-1044756,ENL501
16-5483783,TEC502
16-5483783,HWE701
93-9623055,ION801
93-9623055,HWE701
93-9623055,SCE302
93-9623055,BUF201
96-3938914,TEC502
96-3938914,LGB901
96-3938914,BUF201
96-3938914,POL102
96-3938914,SCE302
17-3828769,TRA602
17-3828769,CRL301
17-3828769,BUF201
17-3828769,POL102
17-3828769,LGB901
25-0952901,POL102
76-4477588,REL202
76-4477588,ART101
76-4477588,SCE302
76-4477588,HWE701
85-4906146,TEC502
85-4906146,CRL301
85-4906146,LGB901
85-4906146,EDU401
85-4906146,GNC601
57-6740951,SPO402
57-6740951,ION801
57-6740951,ENL501
57-6740951,USN702
57-6740951,TRA602
15-7789545,SCE302
15-7789545,BUF201
15-7789545,USN702
15-7789545,ART101
79-1660956,ENL501
79-1660956,SCE302
79-1660956,GNC601
30-6322518,LGB901
30-6322518,POL102
30-6322518,GNC601
30-6322518,REL202
99-1465840,LGB901
99-1465840,ART101
99-1465840,CRL301
11-1897738,REL202
11-1897738,HWE701
11-1897738,USN702
11-1897738,TRA602
11-1897738,POL102
11-1897738,CRL301
11-1897738,ENL501
00-1687120,CRL301
00-1687120,GNC601
00-1687120,USN702
00-1687120,LGB901
00-1687120,ART101
84-7442986,GNC601
84-7442986,ION801
84-7442986,EDU401
84-7442986,USN702
84-7442986,POL102
84-7442986,ART101
38-8331912,BUF201
38-8331912,SPO402
38-8331912,POL102
38-8331912,ENL501
38-8331912,EDU401
38-8331912,CRL301
05-7793800,LGB901
05-7793800,HWE701
05-7793800,ENL501
05-7793800,TRA602
05-7793800,ART101
05-7793800,POL102
05-7793800,SCE302
05-0813738,SCE302
92-5663403,ION801
92-5663403,SPO402
92-5663403,ART101
92-5663403,GNC601
92-5663403,TEC502
92-5663403,LGB901
29-4050076,ENL501
29-4050076,HWE701
29-4050076,USN702
29-4050076,POL102
29-4050076,SCE302
29-4050076,LGB901
10-7362444,GNC601
53-5159063,TEC502
53-5159063,GNC601
53-5159063,SCE302
53-5159063,SPO402
53-5159063,BUF201
74-0078328,ENL501
74-0078328,REL202
74-0078328,SPO402
74-0078328,TRA602
13-7361407,EDU401
13-7361407,BUF201
13-7361407,ART101
13-7361407,ENL501
13-7361407,TRA602
13-7361407,HWE701
86-0220519,ION801
86-0220519,CRL301
86-0220519,HWE701
86-0220519,GNC601
83-0001773,EDU401
75-2244086,CRL301
06-3720505,POL102
06-3720505,SCE302
06-3720505,ART101
06-3720505,CRL301
73-9705303,REL202
73-9705303,ION801
14-1249745,GNC601
14-1249745,REL202
14-1249745,ION801
14-1249745,EDU401
14-1249745,TRA602
14-1249745,LGB901
14-1249745,TEC502
35-7295005,GNC601
35-7295005,ENL501
35-7295005,SPO402
35-7295005,USN702
78-8665899,GNC601
78-8665899,REL202
78-8665899,TRA602
78-8665899,ION801
78-8665899,EDU401
78-8665899,BUF201
78-8665899,SCE302
37-7586655,ENL501
37-7586655,TRA602
37-7586655,ART101
37-7586655,REL202
37-7586655,POL102
14-1682329,LGB901
14-1682329,ION801
14-1682329,BUF201
14-1682329,HWE701
12-8423564,BUF201
12-8423564,TEC502
12-8423564,GNC601
12-8423564,SPO402
12-8423564,TRA602
33-4277580,REL202
33-4277580,USN702
33-4277580,SPO402
33-4277580,HWE701
33-4277580,LGB901
33-4277580,TRA602
33-4277580,ENL501
76-2005747,SPO402
76-2005747,USN702
76-2005747,POL102
90-4011816,ION801
90-4011816,ART101
90-4011816,ENL501
90-4011816,HWE701
33-2226118,SCE302
33-2226118,HWE701
33-2226118,POL102
33-2226118,BUF201
36-3508597,TEC502
36-3508597,GNC601
36-3508597,REL202
36-3508597,POL102
46-7393238,SPO402
13-8723807,POL102
13-8723807,SPO402
13-8723807,LGB901
13-8723807,BUF201
13-8723807,ION801
13-8723807,REL202
13-8723807,ENL501
29-5039235,SPO402
29-5039235,USN702
29-5039235,ENL501
29-5039235,POL102
66-8327198,ION801
66-8327198,REL202
66-8327198,SPO402
66-8327198,LGB901
66-8327198,TEC502
66-8327198,TRA602
57-4360347,TEC502
57-4360347,ENL501
57-4360347,USN702
57-4360347,ION801
57-4360347,BUF201
62-3230717,REL202
62-3230717,USN702
62-3230717,SCE302
74-1636511,HWE701
74-1636511,GNC601
74-1636511,BUF201
74-1636511,CRL301
52-9839262,POL102
52-9839262,ART101
52-9839262,EDU401
52-9839262,LGB901
52-9839262,GNC601
04-9383465,CRL301
04-9383465,POL102
04-9383465,ART101
04-9383465,TEC502
04-9383465,TRA602
25-5454704,HWE701
25-5454704,ENL501
25-5454704,BUF201
25-5454704,ION801
25-5454704,POL102
96-2418783,EDU401
05-0938876,SPO402
27-5662577,TRA602
27-5662577,ENL501
27-5662577,TEC502
27-5662577,CRL301
27-5662577,SPO402
27-5662577,EDU401
27-5662577,ART101
59-1381930,BUF201
59-1381930,TEC502
59-1381930,TRA602
59-1381930,GNC601
59-1381930,ION801
82-9294032,HWE701
82-9294032,LGB901
82-9294032,CRL301
82-9294032,ION801
82-9294032,USN702
93-5256381,REL202
93-5256381,LGB901
93-5256381,GNC601
57-9279094,GNC601
57-9279094,HWE701
57-9279094,TRA602
57-9279094,SPO402
60-1560088,ENL501
71-5802525,HWE701
71-5802525,ART101
71-5802525,REL202
71-5802525,USN702
71-5802525,BUF201
24-4512663,POL102
24-4512663,HWE701
24-4512663,EDU401
24-4512663,SPO402
24-4512663,TEC502
24-4512663,REL202
24-4512663,ART101
93-5897626,TEC502
93-5897626,HWE701
93-5897626,SPO402
93-5897626,BUF201
93-5897626,ART101
07-2641538,USN702
07-2641538,POL102
07-2641538,CRL301
31-6373271,EDU401
31-6373271,SPO402
31-6373271,HWE701
31-6373271,POL102
29-9648764,TEC502
29-9648764,SPO402
29-9648764,GNC601
29-9648764,EDU401
77-0190012,TRA602
55-8506387,ION801
55-8506387,GNC601
55-8506387,POL102
21-7054515,TRA602
21-7054515,LGB901
21-7054515,GNC601
98-6184565,POL102
98-6184565,LGB901
98-6184565,SCE302
80-7878766,BUF201
80-7878766,TRA602
80-7878766,ART101
80-7878766,SPO402
80-7878766,CRL301
80-7878766,ION801
71-9448401,CRL301
71-9448401,REL202
71-9448401,BUF201
71-9448401,TEC502
71-9448401,ENL501
52-9773709,BUF201
52-9773709,ENL501
52-9773709,POL102
52-9773709,CRL301
52-9773709,ART101
52-9773709,USN702
52-9773709,TRA602
24-3170736,CRL301
24-3170736,ENL501
88-3735231,HWE701
88-3735231,GNC601
88-3735231,USN702
88-3735231,POL102
40-8824467,ART101
40-8824467,GNC601
18-9924241,REL202
05-2353388,GNC601
05-2353388,BUF201
05-2353388,SPO402
29-4784019,LGB901
29-4784019,ENL501
29-4784019,SCE302
29-4784019,REL202
29-4784019,TEC502
29-4784019,TRA602
29-4784019,ART101
54-3614525,SCE302
54-3614525,HWE701
54-3614525,ION801
54-3614525,ART101
54-3614525,LGB901
64-0905691,EDU401
64-0905691,LGB901
64-0905691,USN702
64-0905691,ART101
64-0905691,REL202
64-0905691,SCE302
64-0905691,TRA602
96-2711629,TEC502
96-2711629,CRL301
96-2711629,ART101
96-2711629,BUF201
53-3018509,GNC601
53-3018509,ENL501
53-3018509,LGB901
29-4511878,HWE701
29-4511878,LGB901
29-4511878,ART101
29-4511878,GNC601
29-4511878,BUF201
29-4511878,CRL301
96-2453601,REL202
54-1802497,ION801
54-1802497,GNC601
54-1802497,USN702
54-1802497,LGB901
41-4735833,ENL501
41-4735833,ART101
67-8250922,CRL301
67-8250922,BUF201
67-8250922,USN702
67-8250922,ENL501
67-8250922,SPO402
00-4438881,REL202
00-4438881,USN702
00-4438881,ART101
00-4438881,SCE302
66-3671673,CRL301
66-3671673,ION801
66-3671673,SPO402
66-3671673,EDU401
66-3671673,ART101
65-0740065,ENL501
65-0740065,TEC502
86-5290165,ENL501
55-3898243,GNC601
55-3898243,SPO402
55-3898243,CRL301
55-3898243,TRA602
55-3898243,TEC502
55-3898243,EDU401
68-7767060,LGB901
84-9409663,USN702
84-9409663,CRL301
84-9409663,SPO402
84-9409663,ART101
84-9409663,EDU401
49-6893384,POL102
15-4256790,BUF201
15-4256790,TEC502
15-4256790,HWE701
15-4256790,POL102
15-4256790,SCE302
91-0951814,USN702
91-0951814,CRL301
91-0951814,REL202
91-0951814,GNC601
91-0951814,ION801
91-0951814,ART101
49-0726410,REL202
49-0726410,CRL301
49-0726410,ENL501
49-0726410,EDU401
49-0726410,BUF201
49-7176216,GNC601
10-7747797,ART101
10-7747797,GNC601
08-8548378,ENL501
08-8548378,REL202
85-5613346,ENL501
85-5613346,SCE302
85-5613346,GNC601
85-5613346,LGB901
85-5613346,SPO402
85-5613346,POL102
85-5613346,EDU401
24-8396982,CRL301
24-8396982,HWE701
24-8396982,ION801
84-7636574,CRL301
84-7636574,ION801
84-7636574,ENL501
84-7636574,REL202
84-7636574,LGB901
84-7636574,EDU401
84-7636574,USN702
60-7920415,USN702
57-8310905,GNC601
13-8572141,SCE302
13-8572141,HWE701
13-8572141,EDU401
13-8572141,ION801
00-2082130,TEC502
00-2082130,BUF201
00-2082130,LGB901
00-2082130,SCE302
00-2082130,ENL501
69-7122155,TRA602
73-4219707,ENL501
73-4219707,EDU401
43-3078334,HWE701
43-3078334,POL102
43-3078334,BUF201
69-5094693,POL102
69-5094693,TEC502
69-5094693,ENL501
69-5094693,GNC601
87-3110228,LGB901
87-3110228,ENL501
87-3110228,GNC601
87-3110228,BUF201
96-9451275,HWE701
96-9451275,ART101
96-9451275,TRA602
96-9451275,ENL501
96-9451275,TEC502
96-9451275,EDU401
96-9451275,POL102
52-1198698,HWE701
38-9687923,ION801
38-9687923,POL102
38-9687923,LGB901
38-9687923,SPO402
38-9687923,USN702
38-9687923,HWE701
38-9687923,TRA602
21-8852942,EDU401
96-4441032,CRL301
96-4441032,LGB901
96-4441032,TEC502
96-4441032,ENL501
96-4441032,SPO402
96-4441032,SCE302
32-8032367,USN702
32-8032367,TRA602
32-8032367,ENL501
32-8032367,POL102
32-8032367,LGB901
32-8032367,CRL301
32-8032367,BUF201
35-5640885,TEC502
35-5640885,TRA602
35-5640885,ION801
35-5640885,SPO402
35-5640885,ENL501
35-5640885,EDU401
35-5640885,HWE701
46-0741838,ART101
46-0741838,BUF201
05-0889780,ENL501
48-9624165,HWE701
20-8177866,ION801
20-8177866,POL102
20-8177866,SPO402
20-8177866,USN702
20-8177866,GNC601
00-4656470,HWE701
89-3243146,TEC502
89-3243146,ART101
89-3243146,POL102
89-3243146,SCE302
73-8620858,LGB901
73-8620858,USN702
73-8620858,HWE701
73-8620858,ION801
73-8620858,SPO402
76-4712860,TRA602
76-4712860,USN702
76-4712860,BUF201
76-4712860,ION801
91-4494525,CRL301
91-4494525,POL102
91-4494525,EDU401
91-4494525,ART101
91-4494525,GNC601
91-4494525,SPO402
91-4494525,ION801
48-9881344,SPO402
48-9881344,TEC502
48-9881344,LGB901
48-9881344,CRL301
48-9881344,USN702
86-8395446,TRA602
12-0099416,TEC502
12-0099416,ENL501
12-0099416,LGB901
88-6224858,CRL301
88-6224858,ART101
88-6224858,USN702
88-6224858,ION801
89-8864152,LGB901
07-9604630,HWE701
07-9604630,SPO402
07-9604630,CRL301
20-3663629,BUF201
20-3663629,EDU401
20-3663629,TRA602
20-3663629,GNC601
20-3663629,ION801
20-3663629,USN702
20-3663629,SCE302
40-6168770,ION801
79-6962899,GNC601
79-6962899,BUF201
79-6962899,ION801
79-6962899,CRL301
79-6962899,USN702
79-6962899,ART101
84-6239239,TRA602
84-6239239,REL202
26-4414652,LGB901
26-4414652,ART101
26-4414652,GNC601
26-4414652,ION801
51-0401611,ENL501
51-0401611,EDU401
51-0401611,SPO402
78-4905365,TRA602
74-4793356,ENL501
74-4793356,ION801
74-4793356,BUF201
74-4793356,USN702
74-4793356,CRL301
98-0354450,TRA602
98-0354450,GNC601
98-0354450,SPO402
98-0354450,REL202
98-0354450,HWE701
98-0354450,ENL501
42-2948407,REL202
42-2948407,GNC601
04-7993871,ION801
04-7993871,TEC502
04-7993871,GNC601
46-6793076,TRA602
46-6793076,SPO402
46-6793076,ION801
46-6793076,ART101
46-6793076,EDU401
46-6793076,ENL501
85-5876185,POL102
85-5876185,SPO402
85-5876185,LGB901
60-6068102,GNC601
60-6068102,TRA602
60-6068102,EDU401
60-6068102,ENL501
19-0827584,LGB901
19-0827584,EDU401
19-0827584,REL202
19-0827584,USN702
19-0827584,GNC601
19-0827584,CRL301
59-1725700,CRL301
59-1725700,GNC601
59-1725700,ENL501
59-1725700,TRA602
59-1725700,LGB901
17-6923941,ART101
17-6923941,REL202
53-2237729,ION801
53-2237729,SPO402
53-2237729,ART101
53-2237729,BUF201
53-2237729,TEC502
53-2237729,HWE701
53-2237729,TRA602
02-7197059,SCE302
52-6103138,EDU401
52-6103138,POL102
52-6103138,GNC601
52-6103138,CRL301
52-6103138,USN702
82-9660049,CRL301
82-9660049,HWE701
82-9660049,SCE302
53-5249535,REL202
53-5249535,USN702
53-5249535,SPO402
53-5249535,EDU401
53-5249535,ENL501
66-8686835,TEC502
66-8686835,ART101
66-8686835,REL202
11-4588785,TRA602
11-4588785,CRL301
08-2126667,POL102
08-2126667,HWE701
08-2126667,ION801
91-5345772,BUF201
91-5345772,EDU401
91-5345772,REL202
80-5851408,GNC601
80-5851408,TEC502
80-5851408,USN702
80-5851408,POL102
80-5851408,ART101
80-5851408,EDU401
94-5431828,HWE701
94-5431828,REL202
94-5431828,ART101
94-5431828,SPO402
94-5431828,TEC502
94-5431828,ENL501
35-5092846,TEC502
53-6806784,BUF201
53-6806784,SPO402
53-6806784,EDU401
53-6806784,ART101
53-6806784,CRL301
53-6806784,TRA602
90-8343783,LGB901
90-8343783,REL202
90-8343783,USN702
90-8343783,EDU401
90-8343783,CRL301
90-8343783,HWE701
90-8343783,ART101
37-8544353,ART101
37-8544353,EDU401
37-8544353,ENL501
86-2759277,SPO402
86-2759277,LGB901
86-2759277,HWE701
86-2759277,CRL301
86-2759277,EDU401
86-2759277,ENL501
24-0711553,ION801
24-0711553,BUF201
11-4614272,EDU401
11-4614272,LGB901
13-4428889,SCE302
13-4428889,ION801
13-4428889,BUF201
06-2078054,HWE701
06-2078054,POL102
06-2078054,EDU401
06-2078054,TEC502
06-2078054,BUF201
06-2078054,CRL301
32-6628848,ART101
32-6628848,EDU401
32-6628848,HWE701
42-6498936,POL102
42-6498936,TRA602
42-6498936,EDU401
42-6498936,BUF201
42-6498936,REL202
34-0007766,HWE701
34-0007766,USN702
34-0007766,SPO402
34-0007766,LGB901
68-1969714,EDU401
68-1969714,POL102
68-1969714,USN702
68-1969714,LGB901
68-1969714,BUF201
68-1969714,SCE302
22-4417498,POL102
88-4088525,SCE302
88-4088525,CRL301
88-4088525,USN702
88-4088525,ION801
88-4088525,REL202
88-4088525,ENL501
88-4088525,LGB901
51-2721040,ART101
51-2721040,TRA602
51-2721040,EDU401
51-2721040,REL202
62-7925949,LGB901
62-7925949,SCE302
62-7925949,GNC601
62-7925949,SPO402
62-7925949,ION801
67-8783901,SCE302
67-8783901,EDU401
38-0171849,LGB901
38-0171849,ART101
38-0171849,CRL301
38-0171849,SCE302
09-1854830,ION801
09-1854830,EDU401
09-1854830,LGB901
09-1854830,SCE302
09-1854830,TRA602
57-4605388,ENL501
57-4605388,TRA602
31-8467053,LGB901
31-8467053,ION801
98-9938035,TRA602
98-9938035,ION801
98-9938035,SPO402
98-9938035,BUF201
98-9938035,POL102
98-9938035,GNC601
98-9938035,ART101
78-1158439,SCE302
39-3347331,REL202
39-3347331,USN702
39-3347331,HWE701
39-3347331,GNC601
39-3347331,TRA602
39-3347331,EDU401
39-3347331,CRL301
03-9214789,LGB901
03-9214789,EDU401
03-9214789,HWE701
03-9214789,SPO402
03-9214789,POL102
03-9214789,REL202
03-9214789,GNC601
09-2229912,EDU401
09-2229912,GNC601
09-2229912,ENL501
09-2229912,ART101
13-4042784,REL202
13-4042784,TEC502
94-4074675,EDU401
94-4074675,ENL501
22-5705120,LGB901
22-5705120,POL102
22-5705120,GNC601
22-5705120,TEC502
22-5705120,ION801
91-4075829,LGB901
91-4075829,SCE302
91-4075829,ION801
11-5301985,BUF201
11-5301985,POL102
11-5301985,CRL301
11-5301985,GNC601
11-5301985,EDU401
11-5301985,ART101
11-5301985,REL202
10-5114530,USN702
10-5114530,ART101
10-5114530,CRL301
10-5114530,HWE701
10-5114530,ENL501
10-5114530,SCE302
10-5114530,GNC601
89-5128455,ART101
89-5128455,ION801
89-5128455,CRL301
89-5128455,SCE302
89-5128455,REL202
67-8322547,ENL501
67-8322547,GNC601
67-8322547,POL102
67-8322547,TEC502
67-8322547,ION801
67-8322547,REL202
67-8322547,TRA602
43-3400555,HWE701
43-3400555,ART101
43-3400555,ENL501
43-3400555,TRA602
43-3400555,EDU401
06-8573131,TRA602
45-9527001,ART101
45-9527001,ION801
84-7167751,BUF201
84-7167751,ART101
84-7167751,TRA602
84-7167751,TEC502
84-7167751,EDU401
84-7167751,HWE701
84-7167751,ENL501
48-6272021,TEC502
48-6272021,ART101
48-6272021,GNC601
48-6272021,LGB901
48-6272021,HWE701
48-6272021,BUF201
48-6272021,USN702
47-2546436,REL202
47-2546436,ENL501
47-2546436,USN702
47-2546436,LGB901
47-2546436,BUF201
47-2546436,CRL301
47-7784964,USN702
47-7784964,REL202
47-7784964,ENL501
47-7784964,TRA602
47-7784964,SPO402
49-5886107,REL202
42-7260384,EDU401
66-4566041,GNC601
66-4566041,REL202
66-4566041,SPO402
66-4566041,ENL501
66-4566041,SCE302
66-4566041,USN702
66-4566041,ART101
98-6476548,TEC502
58-5226978,USN702
02-8405377,GNC601
02-8405377,ENL501
02-8405377,BUF201
02-8405377,POL102
02-8405377,ART101
02-8405377,ION801
18-3744587,LGB901
18-3744587,BUF201
18-3744587,REL202
18-3744587,ION801
18-3744587,USN702
18-3744587,POL102
11-2497535,REL202
11-2497535,BUF201
11-2497535,USN702
11-2497535,TEC502
11-2497535,ART101
11-2497535,GNC601
11-2497535,ENL501
82-0523085,TEC502
58-3881534,ENL501
58-3881534,TRA602
07-7008334,CRL301
07-7008334,BUF201
07-7008334,REL202
07-7008334,ART101
07-7008334,TEC502
68-8815277,ENL501
68-8815277,SCE302
58-4233170,LGB901
58-4233170,EDU401
58-4233170,CRL301
58-4233170,TEC502
30-0368443,LGB901
30-0368443,CRL301
30-0368443,ENL501
98-9769301,CRL301
98-9769301,HWE701
98-9769301,GNC601
98-9769301,USN702
98-9769301,LGB901
98-9769301,TEC502
98-9769301,ART101
51-7069696,EDU401
51-7069696,REL202
51-7069696,ENL501
51-7069696,HWE701
51-7069696,GNC601
51-7069696,TEC502
70-7449071,ENL501
32-5991044,POL102
32-5991044,ION801
32-5991044,ENL501
51-3290185,EDU401
09-1352256,GNC601
09-1352256,BUF201
09-1352256,LGB901
09-1352256,USN702
09-1352256,ART101
13-4111872,ION801
13-4111872,CRL301
13-4111872,SPO402
13-4111872,REL202
13-4111872,POL102
88-7941226,SCE302
88-7941226,LGB901
88-7941226,SPO402
95-8312379,GNC601
95-8312379,SCE302
95-8312379,LGB901
95-8312379,CRL301
95-8312379,ENL501
95-8312379,TRA602
39-5969357,BUF201
39-5969357,TEC502
39-5969357,ART101
39-5969357,ION801
39-5969357,TRA602
25-0304979,CRL301
25-0304979,GNC601
25-0304979,EDU401
25-0304979,TEC502
17-8594666,POL102
87-7325119,CRL301
87-7325119,LGB901
87-7325119,EDU401
47-7114709,CRL301
47-7114709,BUF201
47-7114709,TRA602
47-7114709,ION801
47-7114709,ART101
02-1855709,SPO402
02-1855709,SCE302
02-1855709,POL102
02-1855709,ART101
02-1855709,TRA602
73-1021421,GNC601
73-1021421,TRA602
30-6336399,POL102
30-6336399,BUF201
30-6336399,GNC601
30-6336399,TRA602
30-6336399,TEC502
30-6336399,ART101
35-7966128,REL202
35-7966128,ART101
35-7966128,CRL301
35-7966128,POL102
35-7966128,HWE701
35-7966128,ENL501
35-7966128,TRA602
54-0104045,POL102
15-0887086,POL102
15-0887086,ION801
15-0887086,GNC601
15-0887086,TEC502
15-0887086,ENL501
15-0887086,SCE302
86-1637326,ION801
86-1637326,POL102
86-1637326,ENL501
86-1637326,GNC601
86-1637326,SPO402
36-2164760,TRA602
36-2164760,SPO402
36-2164760,HWE701
36-2164760,POL102
36-2164760,SCE302
69-6369203,SCE302
87-6842787,USN702
87-6842787,HWE701
87-6842787,BUF201
87-6842787,SCE302
87-6842787,ART101
87-6842787,GNC601
25-2223039,REL202
25-2223039,TRA602
25-2223039,TEC502
25-2223039,LGB901
55-6738899,LGB901
55-6738899,POL102
55-6738899,SCE302
55-6738899,ENL501
55-6738899,HWE701
24-5729207,BUF201
24-5729207,USN702
24-5729207,HWE701
24-5729207,ART101
24-5729207,TRA602
24-5729207,SPO402
22-8663494,HWE701
22-8663494,REL202
22-8663494,USN702
22-8663494,SPO402
78-0237590,USN702
78-0237590,POL102
78-0237590,GNC601
78-0237590,LGB901
69-7289057,SPO402
26-5835315,ENL501
26-5835315,GNC601
26-5835315,TEC502
26-5835315,SCE302
26-5835315,ART101
26-5835315,LGB901
26-5835315,ION801
99-4071112,ART101
99-4071112,POL102
99-4071112,CRL301
99-4071112,ENL501
99-4071112,TEC502
48-4740598,EDU401
48-4740598,ION801
48-4740598,TRA602
48-4740598,LGB901
48-4740598,POL102
48-4740598,REL202
68-8900177,REL202
68-8900177,SCE302
68-8900177,CRL301
68-8900177,TRA602
68-8900177,EDU401
62-6494767,ION801
62-6494767,EDU401
62-6494767,SPO402
62-6494767,SCE302
62-6494767,TEC502
62-6494767,USN702
79-0629500,BUF201
79-0629500,ART101
79-0629500,USN702
79-0629500,HWE701
79-0629500,SCE302
79-0629500,ENL501
54-0695959,ENL501
54-0695959,GNC601
54-0695959,LGB901
54-0695959,EDU401
43-1453698,CRL301
43-1453698,POL102
43-1453698,LGB901
43-1453698,TRA602
43-1453698,SPO402
73-1658625,SPO402
73-1658625,CRL301
73-1658625,SCE302
73-1658625,TRA602
73-1658625,ENL501
73-1658625,REL202
73-1658625,BUF201
95-4797598,BUF201
95-4797598,USN702
95-4797598,ION801
95-4797598,TRA602
92-2283878,REL202
92-2283878,ART101
29-1980064,EDU401
29-1980064,REL202
63-3235231,POL102
63-3235231,CRL301
63-3235231,TEC502
63-3235231,USN702
57-8312591,SPO402
87-5763371,USN702
47-6592939,USN702
12-8864379,BUF201
12-8864379,LGB901
12-8864379,GNC601
12-8864379,SPO402
12-8864379,HWE701
12-8864379,EDU401
31-6622418,ART101
31-6622418,HWE701
31-6622418,SPO402
31-6622418,ION801
53-6140953,POL102
53-6140953,CRL301
32-3062875,TRA602
18-4670057,POL102
18-4670057,ENL501
18-4670057,LGB901
18-4670057,HWE701
18-4670057,BUF201
93-7913750,LGB901
93-7913750,BUF201
93-7913750,POL102
02-2688066,TRA602
02-2688066,ION801
02-2688066,ART101
69-1180103,REL202
69-1180103,ION801
69-1180103,ART101
69-1180103,USN702
69-1180103,POL102
69-1180103,BUF201
42-6895738,TRA602
42-6895738,CRL301
96-1817511,BUF201
96-1817511,POL102
74-2344575,REL202
74-2344575,POL102
74-2344575,BUF201
74-2344575,EDU401
74-2344575,LGB901
74-2344575,ART101
37-1148980,ART101
37-1148980,SPO402
26-9708462,EDU401
26-9708462,ENL501
26-9708462,LGB901
26-9708462,CRL301
26-9708462,TRA602
26-9708462,ION801
17-4067562,TEC502
17-4067562,CRL301
17-4067562,SPO402
17-4067562,POL102
17-4067562,USN702
88-2122937,TEC502
88-2122937,CRL301
88-2122937,BUF201
88-2122937,SCE302
88-2122937,GNC601
88-2122937,USN702
32-5143064,REL202
32-5143064,SPO402
32-5143064,ART101
32-5143064,TEC502
32-5143064,USN702
32-5143064,TRA602
32-5143064,ENL501
77-4007464,BUF201
77-4007464,EDU401
77-4007464,SCE302
77-4007464,USN702
77-4007464,TRA602
91-9519192,REL202
91-9519192,USN702
33-6311118,ART101
33-6311118,BUF201
33-6311118,ION801
33-6311118,REL202
33-6311118,CRL301
33-6311118,POL102
33-6311118,SPO402
09-1882263,ENL501
09-1882263,LGB901
09-1882263,HWE701
09-1882263,CRL301
09-1882263,EDU401
70-0788075,ION801
39-7441010,TRA602
39-7441010,LGB901
82-1986811,EDU401
86-3380297,USN702
86-3380297,REL202
86-3380297,GNC601
86-3380297,TRA602
41-6695595,EDU401
41-6695595,SPO402
41-6695595,GNC601
41-6695595,ART101
41-6695595,TEC502
37-4855364,POL102
37-4855364,EDU401
37-4855364,CRL301
37-4855364,LGB901
37-4855364,SCE302
37-4855364,BUF201
37-4855364,ION801
25-2097383,POL102
25-2097383,BUF201
25-2097383,USN702
25-2097383,CRL301
25-2097383,HWE701
44-8651506,ION801
44-8651506,LGB901
44-8651506,HWE701
44-8651506,ENL501
44-8651506,ART101
44-8651506,CRL301
26-8406605,SPO402
26-8406605,HWE701
26-8406605,ENL501
26-8406605,TRA602
96-2424866,BUF201
96-2424866,REL202
96-2424866,ION801
96-2424866,TRA602
96-2424866,HWE701
96-2424866,GNC601
29-3861008,ART101
29-3861008,GNC601
29-3861008,ENL501
29-3861008,BUF201
15-5674836,BUF201
15-5674836,CRL301
15-5674836,TEC502
15-5674836,TRA602
15-5674836,ION801
15-5674836,LGB901
15-5674836,HWE701
45-3993688,TRA602
35-1259356,SPO402
35-1259356,HWE701
35-1259356,GNC601
35-1259356,ART101
35-1259356,SCE302
35-1259356,LGB901
35-1259356,USN702
29-7529291,SPO402
29-7529291,ION801
29-7529291,GNC601
29-7529291,HWE701
29-7529291,POL102
29-7529291,BUF201
29-7529291,CRL301
88-4170200,GNC601
88-4170200,ENL501
88-4170200,TEC502
88-4170200,CRL301
88-4170200,POL102
88-4170200,HWE701
88-4170200,BUF201
41-2368591,BUF201
41-2368591,TEC502
41-2368591,CRL301
97-0755374,REL202
97-0755374,USN702
97-0755374,CRL301
97-0755374,EDU401
97-0755374,SCE302
42-6238345,EDU401
42-6238345,USN702
42-6238345,ENL501
42-6238345,POL102
42-6238345,ION801
42-6238345,CRL301
33-5148432,ART101
33-5148432,USN702
33-5148432,SPO402
65-9429678,TEC502
65-9429678,CRL301
21-6950181,LGB901
21-6950181,HWE701
21-6950181,ART101
21-6950181,TEC502
21-6950181,USN702
43-6464710,SCE302
43-6464710,CRL301
99-4414414,BUF201
99-4414414,SPO402
99-4414414,SCE302
70-1926672,ION801
70-1926672,SPO402
70-1926672,HWE701
70-1926672,TRA602
70-1926672,TEC502
49-7950369,POL102
49-7950369,SPO402
49-7950369,ION801
49-7950369,SCE302
49-7950369,ART101
49-7950369,USN702
72-0514054,LGB901
15-4768598,USN702
15-4768598,BUF201
15-4768598,HWE701
15-4768598,SCE302
15-4768598,EDU401
15-4768598,REL202
15-4768598,SPO402
42-4930658,POL102
94-8807944,ENL501
94-8807944,USN702
94-8807944,LGB901
94-8807944,CRL301
94-8807944,TRA602
94-8807944,TEC502
00-4708630,BUF201
00-4708630,EDU401
09-9616486,SCE302
09-9616486,GNC601
09-9616486,SPO402
09-9616486,REL202
09-9616486,POL102
09-9616486,EDU401
11-9836579,SPO402
11-9836579,TEC502
11-9836579,LGB901
11-9836579,SCE302
26-3872209,REL202
26-3872209,ENL501
26-3872209,ION801
26-3872209,HWE701
86-8083301,SPO402
86-8083301,ION801
86-8083301,GNC601
86-8083301,LGB901
86-8083301,ENL501
86-8083301,REL202
08-3239306,ION801
08-3239306,LGB901
08-3239306,SCE302
08-3239306,ENL501
08-3239306,TEC502
08-3239306,HWE701
08-3239306,ART101
83-6144615,ART101
83-6144615,EDU401
26-2555140,POL102
26-2555140,USN702
26-2555140,TRA602
26-2555140,ION801
26-2555140,CRL301
33-9522703,HWE701
24-2298132,ION801
24-2298132,TEC502
24-2298132,SCE302
24-2298132,LGB901
67-6503353,ION801
67-6503353,TRA602
67-6503353,CRL301
68-6002643,POL102
68-6002643,HWE701
68-6002643,GNC601
68-6002643,TRA602
68-6002643,SPO402
63-3906981,SCE302
63-3906981,ART101
63-3906981,LGB901
46-2420804,GNC601
46-2420804,HWE701
46-2420804,LGB901
03-0810714,ION801
65-0934295,USN702
65-0934295,CRL301
65-0934295,BUF201
65-0934295,ART101
65-0934295,ENL501
43-8923196,ART101
43-8923196,ENL501
43-8923196,TEC502
43-8923196,TRA602
43-8923196,SPO402
43-8923196,CRL301
43-8923196,HWE701
23-8429689,SPO402
83-0214994,TEC502
83-0214994,TRA602
83-0214994,LGB901
83-0214994,POL102
83-0214994,SCE302
86-0845136,TRA602
86-0845136,ART101
86-0845136,BUF201
17-2115602,LGB901
17-2115602,BUF201
17-2115602,SPO402
17-2115602,ENL501
17-2115602,ART101
17-2115602,GNC601
30-4865550,SPO402
30-4865550,BUF201
30-4865550,ION801
30-4865550,SCE302
51-3783184,POL102
51-3783184,HWE701
51-3783184,ART101
51-3783184,BUF201
51-3783184,ENL501
51-3783184,LGB901
51-3783184,EDU401
84-0757599,BUF201
84-0757599,ENL501
84-0757599,TRA602
84-0757599,HWE701
84-0757599,SPO402
12-3359452,ART101
12-3359452,ION801
12-3359452,LGB901
12-3359452,TEC502
12-3359452,CRL301
99-6159888,TEC502
47-9264072,TEC502
47-9264072,LGB901
47-9264072,SPO402
20-5610354,TEC502
20-5610354,LGB901
20-5610354,ART101
20-5610354,POL102
20-5610354,EDU401
20-5610354,TRA602
22-0385711,SCE302
22-0385711,SPO402
22-0385711,ART101
22-0385711,CRL301
08-6545831,BUF201
34-8677221,GNC601
34-8677221,ART101
31-4653050,USN702
31-4653050,BUF201
31-4653050,LGB901
31-4653050,EDU401
51-0045480,REL202
51-0045480,GNC601
51-0045480,HWE701
44-2375595,REL202
61-0326537,REL202
61-0326537,TRA602
66-6671535,GNC601
66-6671535,POL102
66-6671535,SCE302
66-6671535,LGB901
66-6671535,ENL501
97-8283269,POL102
97-8283269,BUF201
68-4810451,ENL501
68-4810451,ART101
85-5344649,ENL501
85-5344649,ART101
85-5344649,TEC502
85-5344649,LGB901
45-4911375,ION801
45-4911375,EDU401
45-4911375,TEC502
45-4911375,CRL301
45-4911375,GNC601
45-4911375,SPO402
45-4911375,TRA602
47-0074381,GNC601
47-0074381,LGB901
47-0074381,CRL301
53-3974615,REL202
53-3974615,SPO402
53-3974615,EDU401
53-3974615,SCE302
53-3974615,USN702
53-3974615,TRA602
53-3974615,TEC502
18-3682743,LGB901
18-3682743,USN702
25-0067348,ENL501
25-0067348,CRL301
25-0067348,TRA602
25-0067348,HWE701
25-0067348,SPO402
25-0067348,USN702
27-8881385,EDU401
27-8881385,BUF201
96-9568501,HWE701
96-9568501,ION801
96-9568501,BUF201
96-9568501,REL202
96-9568501,USN702
96-9568501,LGB901
96-9568501,ENL501
47-1746422,ENL501
42-3478275,BUF201
42-3478275,LGB901
57-0273960,EDU401
57-0273960,GNC601
57-0273960,REL202
57-0273960,TRA602
38-2408009,HWE701
38-2408009,ENL501
38-2408009,TRA602
53-8054358,HWE701
53-8054358,ION801
59-6323451,LGB901
59-6323451,ART101
59-6323451,POL102
59-6323451,ION801
59-6323451,SPO402
59-6323451,TRA602
59-6323451,REL202
59-6686514,SCE302
59-6686514,TRA602
59-6686514,REL202
59-6686514,USN702
59-6686514,GNC601
59-6686514,ENL501
20-7156031,SPO402
20-7156031,USN702
20-7156031,ION801
09-7865658,ENL501
09-7865658,LGB901
09-7865658,REL202
09-7865658,SPO402
09-7865658,SCE302
09-7865658,CRL301
09-7865658,ION801
33-6915894,EDU401
33-6915894,POL102
42-7271734,ART101
42-7271734,REL202
42-7271734,TEC502
42-7271734,BUF201
42-7271734,SPO402
42-7271734,SCE302
60-4502203,TEC502
60-4502203,GNC601
60-4502203,CRL301
60-4502203,ART101
60-4502203,REL202
60-4502203,HWE701
57-9788470,CRL301
57-9788470,ION801
57-9788470,ENL501
57-9788470,HWE701
57-9788470,GNC601
57-9788470,TEC502
04-1234758,HWE701
04-1234758,TEC502
04-1234758,ENL501
04-1234758,REL202
04-1234758,SCE302
04-1234758,EDU401
77-1272364,BUF201
04-0774918,BUF201
04-0774918,ART101
04-0774918,POL102
04-0774918,CRL301
04-0774918,TRA602
34-9110096,TRA602
34-9110096,LGB901
34-9110096,ENL501
34-9110096,ART101
34-9110096,POL102
22-2781275,HWE701
22-2781275,SCE302
22-2781275,POL102
51-5343909,GNC601
51-5343909,TRA602
51-5343909,EDU401
51-5343909,SPO402
51-5343909,USN702
95-8195295,SPO402
95-8195295,ART101
76-6844137,USN702
76-6844137,BUF201
76-6844137,ION801
76-6844137,SPO402
86-2704885,LGB901
86-2704885,EDU401
14-9888717,GNC601
14-9888717,EDU401
14-9888717,BUF201
14-9888717,ENL501
14-9888717,CRL301
14-9888717,LGB901
12-1303007,ART101
12-1303007,GNC601
12-1303007,LGB901
12-1303007,ION801
42-0283806,REL202
42-0283806,SPO402
42-0283806,USN702
42-0283806,ART101
42-0283806,TRA602
42-0283806,SCE302
83-1264564,USN702
83-1264564,TEC502
83-1264564,ART101
83-1264564,SPO402
07-3774099,ION801
07-3774099,USN702
07-3774099,ART101
07-3774099,CRL301
07-3774099,SCE302
07-3774099,TEC502
92-9100231,REL202
92-9100231,BUF201
76-6917628,ART101
76-6917628,USN702
41-4223873,BUF201
41-4223873,EDU401
41-4223873,ENL501
41-4223873,SPO402
41-4223873,CRL301
17-8270734,POL102
04-5799451,BUF201
04-5799451,USN702
99-2486978,SCE302
99-2486978,ART101
99-2486978,LGB901
99-2486978,GNC601
99-2486978,EDU401
43-6099218,GNC601
43-6099218,TEC502
12-3751019,BUF201
12-3751019,USN702
12-3751019,SCE302
99-3696351,SCE302
99-3696351,ENL501
99-3696351,LGB901
99-3696351,USN702
13-5130026,ION801
13-5130026,EDU401
13-5130026,ART101
66-8798771,POL102
66-8798771,ART101
66-8798771,GNC601
66-8798771,REL202
66-8798771,TEC502
66-8798771,HWE701
43-4797381,USN702
78-1596492,USN702
85-7262884,SPO402
85-7262884,GNC601
04-4842060,SCE302
04-4842060,SPO402
04-4842060,TEC502
04-4842060,TRA602
72-5965361,GNC601
72-5965361,BUF201
72-5965361,SCE302
72-5965361,TEC502
31-0999454,TRA602
31-0999454,SCE302
31-0999454,HWE701
31-0999454,LGB901
31-0999454,CRL301
35-8774275,TEC502
35-8774275,SCE302
35-8774275,POL102
35-8774275,LGB901
35-8774275,USN702
35-8774275,HWE701
35-8774275,SPO402
00-9931313,TRA602
00-9931313,USN702
00-9931313,EDU401
67-7600353,ART101
67-7600353,USN702
67-7600353,SPO402
67-7600353,TRA602
67-7600353,REL202
67-7600353,HWE701
80-8911337,REL202
80-8911337,ION801
80-8911337,USN702
80-8911337,SPO402
72-5807482,REL202
72-5807482,BUF201
57-2815477,USN702
57-2815477,SCE302
57-2815477,ART101
57-2815477,EDU401
57-2815477,GNC601
57-2815477,REL202
57-2815477,LGB901
58-2584492,TEC502
58-2584492,TRA602
49-7256893,REL202
49-7256893,LGB901
49-7256893,ART101
49-7256893,POL102
49-7256893,ENL501
49-7256893,CRL301
56-1074514,EDU401
56-1074514,ION801
56-1074514,ENL501
16-4437708,USN702
16-4437708,SCE302
16-4437708,EDU401
16-4437708,BUF201
16-4437708,GNC601
16-4437708,CRL301
16-4437708,ENL501
30-8765791,POL102
30-8765791,HWE701
30-8765791,ENL501
30-8765791,ION801
30-8765791,USN702
66-4930495,REL202
60-9030351,EDU401
60-9030351,REL202
82-4390599,TEC502
82-4390599,ART101
82-4390599,BUF201
82-4390599,USN702
82-4390599,CRL301
82-4390599,SPO402
82-4390599,HWE701
45-9056422,GNC601
45-9056422,POL102
45-9056422,REL202
35-4905663,CRL301
12-0297614,USN702
12-0297614,GNC601
12-0297614,EDU401
19-7773405,LGB901
19-7773405,REL202
19-7773405,ART101
19-7773405,GNC601
23-5621938,HWE701
23-5621938,SCE302
23-5621938,ART101
50-9896442,ART101
50-9896442,SCE302
50-9896442,GNC601
50-9896442,USN702
50-9896442,ION801
50-9896442,SPO402
50-9896442,REL202
68-3811580,SCE302
68-3811580,ENL501
68-3811580,TEC502
68-3811580,USN702
68-3811580,GNC601
68-3811580,POL102
68-3811580,BUF201
38-7740726,BUF201
38-7740726,LGB901
42-4200541,TEC502
42-4200541,REL202
42-4200541,CRL301
42-4200541,GNC601
85-2686875,SCE302
85-2686875,EDU401
85-2686875,REL202
45-5324155,BUF201
45-5324155,GNC601
45-5324155,USN702
19-3323991,BUF201
19-3323991,CRL301
06-1574828,ION801
74-3152621,TRA602
74-3152621,GNC601
74-3152621,BUF201
62-2746560,SCE302
62-2746560,ART101
62-2746560,HWE701
62-2746560,LGB901
77-9027535,REL202
77-9027535,ART101
77-9027535,SCE302
77-9027535,EDU401
77-9027535,USN702
77-9027535,ION801
72-2404840,TEC502
72-2404840,ENL501
72-2404840,EDU401
72-7896668,ENL501
72-7896668,BUF201
72-7896668,ION801
72-7896668,SCE302
63-8755937,TEC502
63-8755937,REL202
88-1437320,ENL501
88-1437320,GNC601
88-1437320,SPO402
88-1437320,REL202
88-1437320,USN702
88-1437320,TEC502
88-1437320,EDU401
02-7098338,HWE701
02-7098338,CRL301
02-7098338,REL202
02-7098338,SCE302
02-7098338,GNC601
88-7334597,BUF201
88-7334597,SPO402
88-7334597,TRA602
88-7334597,ENL501
88-7334597,ART101
88-7334597,ION801
88-7334597,POL102
12-0673404,POL102
12-0673404,USN702
12-0673404,LGB901
12-0673404,ENL501
12-0673404,HWE701
85-6100448,TRA602
51-3616312,SCE302
51-3616312,REL202
51-3616312,ART101
51-3616312,TRA602
51-3616312,ION801
12-9764252,TRA602
12-9764252,ION801
12-9764252,POL102
30-0925441,USN702
30-0925441,POL102
30-0925441,GNC601
30-0925441,TEC502
30-0925441,CRL301
30-0925441,LGB901
30-0925441,EDU401
23-2524033,ART101
23-2524033,USN702
23-2524033,LGB901
24-2674053,USN702
24-2674053,TRA602
24-2674053,ION801
24-2674053,HWE701
24-2674053,TEC502
66-5574070,POL102
66-5574070,SPO402
66-5574070,LGB901
79-9678576,ION801
79-9678576,ENL501
79-9678576,USN702
79-9678576,REL202
41-9914893,ENL501
41-9914893,ION801
41-9914893,USN702
41-9914893,REL202
41-9914893,EDU401
41-9914893,TRA602
41-9914893,BUF201
21-3744723,SPO402
21-3744723,CRL301
21-3744723,TRA602
21-3744723,BUF201
21-3744723,LGB901
21-3744723,ART101
96-9932873,TRA602
96-9932873,TEC502
52-3391425,ION801
21-9310086,USN702
21-9310086,HWE701
86-8250652,TEC502
86-8250652,SPO402
86-8250652,ART101
32-2210085,EDU401
32-2210085,TEC502
32-2210085,GNC601
32-2210085,SCE302
32-2210085,TRA602
32-2210085,LGB901
32-2210085,USN702
45-1713190,SPO402
45-1713190,POL102
45-1713190,HWE701
45-1713190,GNC601
45-1713190,EDU401
68-2053112,REL202
68-2053112,HWE701
68-2053112,CRL301
68-2053112,USN702
68-2053112,ART101
30-1208860,HWE701
30-1208860,SCE302
38-0836075,REL202
68-4205108,CRL301
68-4205108,LGB901
68-4205108,EDU401
38-4735566,TEC502
38-4735566,USN702
38-4735566,HWE701
38-4735566,EDU401
38-4735566,ART101
38-4735566,ENL501
38-4735566,SCE302
20-7085675,HWE701
98-8998938,TEC502
98-8998938,CRL301
98-8998938,BUF201
98-8998938,ENL501
93-2344570,SCE302
07-2257221,BUF201
07-2257221,POL102
07-2257221,REL202
07-2257221,EDU401
07-2257221,ART101
07-2257221,TRA602
07-2257221,CRL301
95-7583926,SPO402
95-7583926,BUF201
95-7583926,ART101
95-7583926,HWE701
95-7583926,SCE302
95-7583926,TEC502
24-8501870,ART101
24-8501870,BUF201
24-8501870,TEC502
24-8501870,ION801
24-8501870,POL102
18-5347247,ION801
18-5347247,HWE701
18-5347247,TEC502
18-5347247,ART101
18-5347247,SPO402
18-5347247,EDU401
18-5347247,SCE302
39-1057733,POL102
11-6261553,USN702
11-6261553,HWE701
11-6261553,POL102
76-2678983,ENL501
76-2678983,SPO402
76-2678983,ION801
76-2678983,POL102
61-8789636,GNC601
61-8789636,EDU401
56-9252029,CRL301
56-9252029,EDU401
56-9252029,REL202
56-9252029,BUF201
56-9252029,TEC502
56-9252029,USN702
56-9252029,GNC601
89-3822626,EDU401
89-3822626,GNC601
89-3822626,HWE701
69-5523650,SCE302
69-5523650,SPO402
64-8025043,BUF201
90-8851977,ART101
90-8851977,TRA602
90-8851977,BUF201
90-8851977,EDU401
90-8851977,HWE701
90-8851977,SCE302
32-4888753,CRL301
32-4888753,BUF201
85-4669477,SCE302
85-4669477,CRL301
85-4669477,TEC502
85-4669477,POL102
35-5026795,GNC601
35-5026795,ENL501
35-5026795,ART101
35-5026795,TRA602
65-7024565,GNC601
65-7024565,ART101
65-7024565,REL202
65-7024565,LGB901
65-7024565,BUF201
65-7024565,CRL301
65-7024565,HWE701
13-8815871,POL102
13-8815871,LGB901
93-0424239,EDU401
93-0424239,REL202
03-5321245,ENL501
03-5321245,REL202
03-5321245,ION801
03-5321245,SCE302
03-5321245,BUF201
03-5321245,TEC502
26-6593793,USN702
12-5022371,POL102
12-5022371,TEC502
12-5022371,BUF201
12-5022371,EDU401
97-5559906,SCE302
96-3524373,EDU401
96-3524373,GNC601
77-4525981,ION801
77-4525981,TRA602
77-4525981,USN702
06-1227972,HWE701
34-6191734,SCE302
34-6191734,LGB901
34-6191734,BUF201
34-6191734,ENL501
34-6191734,REL202
34-6191734,EDU401
34-6191734,POL102
57-7428872,ART101
57-7428872,USN702
57-7428872,HWE701
57-7428872,LGB901
57-7428872,BUF201
57-7428872,TEC502
72-9720893,TRA602
72-9720893,ION801
72-9720893,GNC601
72-9720893,POL102
72-9720893,ENL501
96-2118534,USN702
96-2118534,REL202
96-2118534,LGB901
96-2118534,SPO402
96-2118534,GNC601
96-2118534,TEC502
49-4855712,ART101
49-4855712,LGB901
49-4855712,SPO402
49-4855712,REL202
67-6928363,CRL301
43-7075773,ART101
43-7075773,EDU401
43-7075773,TEC502
08-8577432,REL202
42-5682800,ION801
42-5682800,ENL501
42-5682800,TRA602
42-5682800,SPO402
42-5682800,HWE701
73-7269425,POL102
73-7269425,BUF201
73-7269425,TEC502
73-7269425,LGB901
73-7269425,GNC601
43-2211438,LGB901
43-2211438,SPO402
43-2211438,SCE302
43-2211438,BUF201
43-2211438,HWE701
43-2211438,ENL501
67-2214289,ION801
67-2214289,ENL501
67-2214289,USN702
48-6354628,ION801
48-6354628,ART101
48-6354628,CRL301
48-6354628,USN702
48-6354628,REL202
48-6354628,SCE302
78-9903370,SPO402
78-9903370,SCE302
78-9903370,TEC502
78-9903370,ION801
78-9903370,TRA602
23-2593265,GNC601
23-2593265,SCE302
23-2593265,REL202
04-1698192,ENL501
04-1698192,LGB901
04-1698192,EDU401
04-1698192,HWE701
99-0123751,BUF201
99-0123751,CRL301
99-0123751,ION801
99-0123751,HWE701
99-0123751,EDU401
99-0123751,ENL501
99-0123751,GNC601
14-4642771,REL202
37-3513533,SCE302
37-3513533,TEC502
37-3513533,CRL301
37-3513533,HWE701
16-9775486,ART101
16-9775486,ION801
21-3238486,SPO402
21-3238486,GNC601
21-3238486,TRA602
21-3238486,REL202
21-3238486,CRL301
58-4814156,POL102
58-4814156,GNC601
58-4814156,BUF201
58-4814156,ENL501
58-4814156,ION801
58-4814156,TEC502
46-7105029,ION801
46-7105029,BUF201
46-7105029,EDU401
46-7105029,LGB901
66-1035793,ART101
66-1035793,SCE302
66-1035793,GNC601
66-1035793,CRL301
66-1035793,ION801
66-1035793,LGB901
72-5714481,ENL501
72-5714481,USN702
72-5714481,LGB901
72-5714481,REL202
52-4347363,LGB901
52-4347363,HWE701
52-4347363,ART101
27-0500755,ENL501
27-0500755,EDU401
27-0500755,SCE302
27-0500755,CRL301
83-7994774,GNC601
83-7994774,EDU401
83-7994774,ION801
83-7994774,USN702
83-7994774,TEC502
98-9557363,BUF201
98-9557363,POL102
98-9557363,USN702
98-9557363,GNC601
98-9557363,EDU401
74-0289337,TEC502
18-6166878,SCE302
18-6166878,ART101
18-6166878,BUF201
18-6166878,POL102
02-1905421,ION801
02-1905421,ART101
02-1905421,REL202
02-1905421,BUF201
02-1905421,GNC601
02-1905421,LGB901
63-9221306,REL202
63-9221306,POL102
63-9221306,GNC601
63-9221306,CRL301
63-9221306,TRA602
63-9221306,USN702
77-7862711,ION801
77-7862711,LGB901
50-3519077,EDU401
50-3519077,TEC502
50-3519077,GNC601
03-6235002,EDU401
03-6235002,TEC502
03-6235002,HWE701
03-6235002,GNC601
03-6235002,ENL501
40-9626967,LGB901
40-9626967,SPO402
40-9626967,REL202
40-9626967,POL102
02-3190744,SCE302
02-3190744,TEC502
89-4183840,SPO402
43-1846088,ION801
43-1846088,SCE302
43-1846088,USN702
43-1846088,ART101
43-1846088,SPO402
43-1846088,TEC502
98-8929365,CRL301
57-3238849,ION801
12-9414011,POL102
12-9414011,BUF201
12-9414011,ENL501
12-9414011,SPO402
12-9414011,USN702
21-7886737,CRL301
21-7886737,BUF201
21-7886737,EDU401
21-7886737,ION801
96-4463150,SCE302
96-4463150,TRA602
96-4463150,SPO402
96-4463150,TEC502
40-1368158,USN702
40-1368158,TRA602
40-1368158,TEC502
40-1368158,ENL501
40-1368158,LGB901
40-1368158,SCE302
89-5825357,USN702
42-4303730,LGB901
42-4303730,BUF201
42-4303730,SCE302
42-4303730,EDU401
42-4303730,SPO402
42-4303730,ION801
21-0674742,POL102
21-0674742,ENL501
21-0674742,LGB901
21-0674742,ION801
72-3263125,POL102
72-3263125,TRA602
72-3263125,GNC601
71-3637995,POL102
71-3637995,CRL301
71-3637995,ART101
31-2488281,SPO402
31-2488281,SCE302
04-9651761,ART101
04-9651761,EDU401
04-9651761,GNC601
04-9651761,LGB901
04-9651761,BUF201
04-9651761,HWE701
31-7498834,TEC502
31-7498834,TRA602
03-7689196,LGB901
03-7689196,BUF201
03-7689196,SCE302
03-7689196,GNC601
03-7689196,HWE701
03-7689196,ENL501
08-8324720,SCE302
19-2316622,GNC601
19-2316622,POL102
19-2316622,USN702
19-2316622,REL202
19-2316622,ION801
57-8092772,ART101
57-8092772,EDU401
57-8092772,HWE701
57-8092772,CRL301
57-8092772,POL102
07-9984992,USN702
07-9984992,EDU401
07-9984992,BUF201
07-9984992,TEC502
97-7547232,SCE302
97-7547232,BUF201
97-7547232,REL202
97-7547232,GNC601
97-7547232,ART101
23-2250252,TRA602
23-2250252,ION801
23-2250252,REL202
23-2250252,BUF201
74-2670070,REL202
74-2670070,GNC601
74-2670070,HWE701
74-2670070,ION801
74-2670070,BUF201
74-2670070,SCE302
29-1074526,ION801
29-1074526,SCE302
29-1074526,HWE701
29-1074526,EDU401
29-1074526,CRL301
29-1074526,LGB901
29-1074526,ART101
81-2536533,TEC502
81-2536533,LGB901
81-2536533,SPO402
81-2536533,SCE302
78-6493234,CRL301
78-6493234,USN702
78-6493234,ION801
78-6493234,ART101
78-6493234,ENL501
75-0352889,ART101
75-0352889,POL102
75-0352889,CRL301
75-0352889,REL202
75-0352889,USN702
75-0352889,TEC502
75-0352889,EDU401
93-1104866,HWE701
93-1104866,SCE302
93-1104866,BUF201
93-1104866,SPO402
93-1104866,TEC502
93-1104866,GNC601
34-7287806,LGB901
34-7287806,EDU401
34-7287806,POL102
77-6714804,TEC502
77-6714804,CRL301
77-6714804,SCE302
60-8912617,TEC502
60-8912617,LGB901
80-1760285,REL202
11-6458209,TRA602
11-6458209,ENL501
11-6458209,HWE701
11-6458209,ART101
49-8193373,BUF201
49-8193373,CRL301
49-8193373,USN702
49-8193373,HWE701
49-8193373,EDU401
49-8193373,GNC601
44-1210004,ENL501
44-1210004,REL202
44-1210004,GNC601
15-4988666,POL102
15-4988666,EDU401
15-4988666,ART101
15-4988666,TRA602
15-4988666,GNC601
15-4988666,CRL301
31-9637611,ART101
27-9456758,USN702
27-9456758,ION801
27-9456758,LGB901
46-7600790,SPO402
46-7600790,TRA602
46-7600790,ART101
46-7600790,TEC502
25-7863988,USN702
25-7863988,EDU401
25-7863988,ION801
25-7863988,POL102
25-7863988,TRA602
25-7863988,REL202
43-4094326,TEC502
43-4094326,SPO402
43-4094326,BUF201
43-4094326,SCE302
43-4094326,POL102
54-3382536,LGB901
54-3382536,SPO402
54-3382536,TRA602
79-2679495,REL202
79-2679495,CRL301
79-2679495,HWE701
79-2679495,EDU401
79-2679495,ENL501
79-2679495,SPO402
79-2679495,ART101
13-6989093,ENL501
13-6989093,GNC601
13-6989093,ION801
13-6989093,SPO402
13-6989093,SCE302
86-7567335,ION801
86-7567335,USN702
86-7567335,EDU401
56-8992400,SPO402
56-8992400,ENL501
56-8992400,POL102
56-8992400,EDU401
56-8992400,CRL301
35-8023938,SPO402
35-8023938,USN702
35-8023938,EDU401
35-8023938,TRA602
35-8023938,POL102
35-8023938,TEC502
35-8023938,GNC601
72-7702366,CRL301
72-7702366,GNC601
75-7193466,POL102
75-7193466,BUF201
46-3569819,CRL301
87-0976945,TRA602
87-0976945,GNC601
87-0976945,ENL501
89-4600240,CRL301
41-6876642,HWE701
41-6876642,CRL301
41-6876642,POL102
41-6876642,ART101
41-6876642,TEC502
41-6876642,GNC601
38-5742255,USN702
38-5742255,EDU401
38-5742255,GNC601
38-5742255,ENL501
38-5742255,LGB901
97-9940569,TEC502
97-9940569,REL202
35-3743157,HWE701
35-3743157,ART101
35-3743157,SPO402
35-3743157,TEC502
49-9424222,SPO402
74-6789353,ION801
74-6789353,USN702
74-6789353,REL202
74-6789353,SCE302
74-6789353,GNC601
74-6789353,POL102
74-6789353,LGB901
47-2329614,SPO402
47-2329614,ENL501
22-0165268,POL102
15-5952184,REL202
15-5952184,EDU401
15-5952184,SCE302
01-0464506,LGB901
01-0464506,ART101
01-0464506,ENL501
43-9195503,SCE302
43-9195503,TEC502
43-9195503,ENL501
43-9195503,REL202
43-9195503,BUF201
43-9195503,GNC601
45-7414748,BUF201
45-7414748,LGB901
45-7414748,ENL501
45-7414748,POL102
36-3090871,CRL301
86-9595800,BUF201
86-9595800,REL202
86-9595800,LGB901
86-9595800,HWE701
40-5204525,TRA602
40-5204525,HWE701
40-5204525,REL202
40-5204525,LGB901
40-5204525,ART101
40-5204525,SCE302
40-5204525,SPO402
24-9576209,HWE701
24-9576209,POL102
24-9576209,ION801
24-9576209,SPO402
24-9576209,ART101
24-9576209,ENL501
79-4696286,HWE701
79-4696286,ION801
79-4696286,BUF201
79-4696286,CRL301
79-4696286,TRA602
79-4696286,GNC601
79-4696286,POL102
00-2909363,SPO402
00-2909363,BUF201
00-2909363,EDU401
50-3694823,SCE302
66-1020034,TEC502
66-1020034,SCE302
66-1020034,ART101
01-9197091,ENL501
01-9197091,USN702
03-8796782,USN702
03-8796782,HWE701
03-8796782,EDU401
03-8796782,CRL301
03-8796782,SCE302
03-8796782,ION801
26-7863512,SCE302
26-7863512,POL102
26-7863512,ENL501
28-7233639,GNC601
28-7233639,CRL301
28-7233639,REL202
28-7233639,TRA602
28-7233639,BUF201
28-7233639,SCE302
28-7233639,HWE701
33-4340538,GNC601
33-4340538,HWE701
51-2006224,ART101
51-2006224,ENL501
51-2006224,EDU401
43-2478985,HWE701
51-6053436,GNC601
51-6053436,ION801
51-6053436,TRA602
51-6053436,ART101
51-6053436,SPO402
51-6053436,SCE302
70-8715429,CRL301
70-8715429,BUF201
70-8715429,POL102
70-8715429,REL202
77-3778884,SPO402
77-3778884,POL102
77-3778884,EDU401
77-3778884,TEC502
77-3778884,GNC601
77-3778884,USN702
30-5927120,TRA602
50-9181130,CRL301
07-2591078,TEC502
07-2591078,CRL301
07-2591078,USN702
07-2591078,SPO402
07-2591078,SCE302
07-2591078,REL202
07-2591078,POL102
62-2018725,BUF201
62-2018725,CRL301
94-0912630,GNC601
94-0912630,POL102
94-0912630,USN702
94-0912630,CRL301
94-0912630,ART101
94-0912630,HWE701
28-9812063,LGB901
28-9812063,USN702
28-9812063,GNC601
28-9812063,CRL301
28-9812063,TRA602
53-4047242,GNC601
53-4047242,ION801
53-4047242,REL202
53-4047242,SPO402
53-4047242,ART101
53-4047242,LGB901
97-9944814,SPO402
97-9944814,TEC502
97-9944814,ENL501
97-9944814,SCE302
97-9944814,CRL301
97-9944814,EDU401
97-9944814,POL102
53-0043946,SCE302
53-0043946,TRA602
53-0043946,ART101
53-0043946,POL102
89-9453593,ENL501
89-9453593,SPO402
05-2367249,REL202
05-2367249,USN702
05-2367249,TEC502
05-2367249,ART101
05-2367249,SCE302
27-5322503,REL202
27-5322503,ART101
27-5322503,LGB901
27-5322503,HWE701
27-5322503,POL102
27-5322503,TEC502
23-7301686,ION801
23-7301686,BUF201
22-3249313,EDU401
22-3249313,TEC502
22-3249313,ART101
22-3249313,TRA602
22-3249313,BUF201
22-3249313,REL202
22-3249313,ENL501
26-5673640,HWE701
26-5673640,USN702
26-5673640,SPO402
26-5673640,BUF201
18-7774150,SPO402
18-7774150,BUF201
18-7774150,POL102
18-7774150,ION801
76-4236941,ART101
03-2527103,SPO402
03-2527103,CRL301
06-8620211,BUF201
06-8620211,HWE701
06-8620211,SPO402
06-8620211,USN702
44-5947919,ION801
44-5947919,TRA602
85-6832925,TRA602
51-0461530,SCE302
59-1620770,HWE701
59-1620770,POL102
59-1620770,TRA602
59-1620770,LGB901
59-1620770,ART101
52-8889163,TRA602
52-8889163,TEC502
52-8889163,HWE701
27-6451457,TEC502
27-6451457,LGB901
27-6451457,EDU401
20-4397648,SCE302
20-4397648,USN702
66-8537031,ART101
66-8537031,SCE302
32-4156274,TRA602
32-4156274,TEC502
32-4156274,EDU401
32-4156274,SPO402
22-9261792,ENL501
48-3313327,TEC502
79-1051172,CRL301
79-1051172,ART101
79-1051172,GNC601
66-4779145,SPO402
06-1012024,HWE701
06-1012024,CRL301
66-9353264,GNC601
66-9353264,EDU401
26-3351451,ART101
26-3351451,SCE302
26-3351451,TRA602
26-3351451,BUF201
26-3351451,LGB901
26-3351451,SPO402
48-4822561,LGB901
48-4822561,EDU401
48-4822561,REL202
48-4822561,TRA602
34-9287701,POL102
34-9287701,ION801
34-9287701,BUF201
61-0789902,POL102
61-0789902,ENL501
50-2698086,LGB901
50-2698086,BUF201
15-5154993,LGB901
15-5154993,ENL501
15-5154993,SCE302
60-7601230,ENL501
60-7601230,TRA602
60-7601230,TEC502
10-6426070,USN702
10-6426070,GNC601
11-1817250,CRL301
11-1817250,HWE701
11-1817250,LGB901
11-1817250,SCE302
25-8444209,POL102
25-8444209,ION801
25-8444209,GNC601
25-8444209,ART101
25-8444209,SCE302
25-8444209,BUF201
25-2354655,ART101
62-9070916,CRL301
62-9070916,GNC601
62-9070916,HWE701
62-9070916,ART101
62-9070916,REL202
33-7978491,TEC502
33-7978491,ENL501
33-7978491,EDU401
33-7978491,USN702
33-7978491,CRL301
33-7978491,SCE302
33-7978491,ART101
55-1258065,BUF201
55-1258065,POL102
55-1258065,TRA602
55-1258065,ART101
55-1258065,HWE701
55-1258065,SPO402
55-1258065,USN702
96-3895133,TEC502
96-3895133,POL102
96-3895133,ART101
34-3095888,CRL301
34-3095888,TEC502
34-3095888,SCE302
34-3095888,REL202
34-3095888,HWE701
34-3095888,POL102
34-3095888,ENL501
31-8885582,REL202
31-8885582,ION801
31-8885582,ENL501
60-8509949,ION801
60-8509949,REL202
60-8509949,SPO402
60-8509949,GNC601
60-8509949,ART101
50-0968237,CRL301
50-0968237,HWE701
50-0968237,USN702
69-1740046,GNC601
14-8949152,ION801
14-8949152,LGB901
14-8949152,GNC601
14-8949152,ART101
14-8949152,SPO402
14-8949152,REL202
14-8949152,ENL501
79-4665341,SPO402
79-4665341,REL202
79-4665341,ION801
27-9691431,ION801
27-9691431,USN702
79-7678815,CRL301
79-7678815,SCE302
79-7678815,BUF201
79-7678815,REL202
79-7678815,POL102
79-7678815,TEC502
37-7232992,REL202
37-7232992,ENL501
37-7232992,SCE302
37-7232992,CRL301
37-7232992,BUF201
53-1456484,SPO402
53-1456484,USN702
53-1456484,ION801
53-1456484,TEC502
53-1456484,SCE302
78-4290026,TEC502
78-4290026,USN702
78-4290026,GNC601
78-4290026,SPO402
78-4290026,ART101
78-4290026,REL202
78-4290026,EDU401
65-6265347,SCE302
65-6265347,CRL301
65-6265347,BUF201
65-6265347,EDU401
65-6265347,ART101
09-0788599,LGB901
09-0788599,SPO402
09-0788599,TRA602
09-0788599,USN702
09-0788599,TEC502
09-0788599,CRL301
46-3076075,POL102
46-3076075,HWE701
46-3076075,USN702
46-3076075,SCE302
46-3076075,EDU401
43-8499409,ART101
43-8499409,TEC502
43-8499409,TRA602
89-7640503,POL102
89-7640503,ION801
89-7640503,GNC601
89-7640503,HWE701
09-9195905,GNC601
09-9195905,BUF201
09-9195905,ART101
09-9195905,TRA602
09-9195905,REL202
09-9195905,POL102
09-9195905,HWE701
09-3067899,TEC502
09-3067899,GNC601
09-3067899,TRA602
09-3067899,EDU401
09-3067899,SPO402
09-3067899,ENL501
09-3067899,ART101
88-0282343,REL202
88-0282343,ENL501
88-0282343,GNC601
88-0282343,BUF201
88-0282343,USN702
33-2402326,POL102
33-2402326,LGB901
02-5936719,SCE302
02-5936719,SPO402
02-5936719,LGB901
29-6745287,EDU401
29-6745287,TRA602
29-6745287,POL102
29-6745287,HWE701
29-6745287,GNC601
29-6745287,LGB901
25-6531494,SCE302
25-6531494,GNC601
25-6531494,USN702
25-6531494,REL202
25-6531494,LGB901
25-6531494,BUF201
25-6531494,ION801
00-4251433,CRL301
00-4251433,ION801
00-4251433,EDU401
36-5426386,ION801
36-5426386,REL202
36-5426386,SPO402
36-5426386,HWE701
36-5426386,BUF201
17-4149511,SCE302
17-4149511,LGB901
17-4149511,USN702
19-1145944,ENL501
19-1145944,ION801
08-3518778,ION801
08-3518778,REL202
08-3518778,USN702
67-8172602,SPO402
04-4920471,SCE302
04-4920471,CRL301
04-4920471,HWE701
14-9793989,SCE302
14-9793989,ART101
14-9793989,TRA602
14-9793989,USN702
14-9793989,POL102
14-9793989,HWE701
14-9793989,GNC601
78-3606273,SPO402
78-3606273,EDU401
78-3606273,ART101
41-8007116,LGB901
06-1363674,TRA602
06-1363674,USN702
06-1363674,POL102
06-1363674,EDU401
54-7112231,ION801
54-7112231,GNC601
54-7112231,LGB901
54-7112231,POL102
14-7311350,ART101
14-7311350,USN702
14-7311350,EDU401
14-7311350,BUF201
14-7311350,HWE701
14-7311350,LGB901
46-9239653,ENL501
46-9239653,ION801
46-9239653,REL202
46-9239653,GNC601
46-9239653,POL102
64-1008192,USN702
64-1008192,GNC601
81-2852576,HWE701
81-2852576,GNC601
81-2852576,CRL301
81-2852576,SCE302
81-2852576,REL202
68-5500121,TRA602
68-5500121,GNC601
68-5500121,HWE701
68-5500121,LGB901
23-9433260,SPO402
23-9433260,POL102
23-9433260,ENL501
37-7899943,EDU401
37-7899943,SPO402
37-7899943,SCE302
37-7899943,BUF201
35-5555115,GNC601
35-5555115,EDU401
35-5555115,LGB901
35-5555115,ART101
35-5555115,SCE302
90-6437540,ENL501
90-6437540,CRL301
90-6437540,SCE302
90-6437540,GNC601
90-6437540,TEC502
97-1854788,GNC601
97-1854788,TEC502
97-1854788,SPO402
97-1854788,USN702
97-1854788,LGB901
61-8726957,POL102
61-8726957,ION801
61-8726957,TRA602
61-8726957,CRL301
61-8726957,GNC601
61-8726957,TEC502
08-4865086,ION801
08-4865086,EDU401
08-4865086,POL102
08-4865086,REL202
08-4865086,CRL301
08-4865086,LGB901
08-4865086,BUF201
84-1000072,SPO402
84-1000072,EDU401
56-6157393,POL102
56-6157393,SCE302
56-6157393,ART101
67-7061145,SPO402
67-7061145,POL102
66-3806685,GNC601
66-3806685,ENL501
66-3806685,USN702
66-3806685,BUF201
66-3806685,TEC502
85-6612987,LGB901
85-6612987,ION801
85-6612987,GNC601
85-6612987,ENL501
85-6612987,USN702
85-6612987,HWE701
85-6612987,BUF201
61-8982546,ION801
61-8982546,TRA602
61-8982546,USN702
61-8982546,EDU401
61-8982546,POL102
40-9637976,ENL501
68-8040233,USN702
68-8040233,SCE302
68-8040233,ENL501
68-8040233,TRA602
68-8040233,EDU401
68-8040233,REL202
43-4891220,TEC502
43-4891220,USN702
43-4891220,HWE701
12-6149341,USN702
47-0653172,ART101
47-0653172,TRA602
47-0653172,REL202
24-2834366,GNC601
24-2834366,HWE701
24-2834366,USN702
24-2834366,ENL501
24-2834366,BUF201
24-2834366,LGB901
32-7004882,TEC502
32-7004882,HWE701
32-7004882,BUF201
32-7004882,SPO402
50-2780122,TEC502
50-2780122,HWE701
50-2780122,REL202
50-2780122,CRL301
50-2780122,TRA602
12-8636240,ION801
12-8636240,ENL501
12-8636240,CRL301
12-8636240,EDU401
12-8636240,SCE302
12-8636240,USN702
70-9848870,TEC502
70-9848870,EDU401
70-9848870,ART101
12-6118253,HWE701
12-6118253,LGB901
37-6176472,ENL501
37-6176472,GNC601
37-6176472,USN702
37-6176472,ION801
37-6176472,LGB901
37-6176472,POL102
24-8281475,USN702
24-8281475,SCE302
24-8281475,ION801
24-8281475,TEC502
02-5694993,SPO402
36-4293749,REL202
36-4293749,ION801
36-4293749,ART101
36-4293749,TRA602
36-4293749,GNC601
36-4293749,BUF201
36-4293749,HWE701
42-6677465,EDU401
42-6677465,ION801
42-6677465,BUF201
42-6677465,SCE302
42-6677465,USN702
75-8072495,BUF201
75-8072495,CRL301
75-8072495,ION801
75-8072495,LGB901
75-0776408,GNC601
75-0776408,USN702
75-0776408,TEC502
75-0776408,SCE302
75-0776408,REL202
75-0776408,TRA602
89-6861091,ION801
89-6861091,BUF201
89-6861091,TRA602
69-6493419,ION801
69-6493419,ART101
93-3906431,SCE302
93-3906431,TEC502
33-6826778,GNC601
33-6826778,TRA602
33-6826778,BUF201
33-6826778,SCE302
33-6826778,REL202
33-6826778,USN702
02-8299366,ION801
02-8299366,LGB901
02-8299366,REL202
02-8299366,TEC502
02-8299366,SCE302
02-8299366,BUF201
78-1099554,SCE302
78-1099554,REL202
35-0083999,BUF201
35-0083999,ENL501
35-0083999,GNC601
64-7494141,ION801
64-7494141,BUF201
64-7494141,TEC502
64-7494141,CRL301
76-5651766,HWE701
76-5651766,REL202
76-5651766,EDU401
76-5651766,SCE302
76-5651766,USN702
76-5651766,CRL301
76-5651766,GNC601
87-0599833,SCE302
87-0599833,USN702
87-0599833,SPO402
87-0599833,HWE701
87-0599833,LGB901
89-4808216,GNC601
89-4808216,CRL301
89-4808216,TEC502
89-4808216,ION801
66-6225928,ENL501
66-6225928,BUF201
66-6225928,ART101
66-6225928,SCE302
39-6120389,TRA602
46-7415863,REL202
20-5958464,TRA602
44-1509218,ENL501
23-0754932,ART101
82-4441497,ENL501
82-4441497,SPO402
53-3979970,USN702
53-3979970,ION801
53-3979970,CRL301
53-3979970,GNC601
53-3979970,TEC502
64-4892204,TRA602
64-4892204,SCE302
64-4892204,SPO402
73-8515517,CRL301
73-8515517,ION801
73-8515517,SCE302
71-2366662,EDU401
71-2366662,BUF201
71-2366662,LGB901
71-2366662,ART101
71-2366662,USN702
71-2366662,TEC502
21-2788216,REL202
21-2788216,SCE302
15-3476458,BUF201
15-3476458,ENL501
15-3476458,SPO402
15-3476458,TRA602
15-3476458,GNC601
15-3476458,REL202
10-5886594,HWE701
10-5886594,BUF201
10-5886594,ENL501
09-7927230,REL202
09-7927230,ENL501
09-7927230,CRL301
09-7927230,ART101
09-7927230,TEC502
09-7927230,SCE302
44-8469110,EDU401
44-8469110,SCE302
44-8469110,GNC601
44-8469110,USN702
45-1442891,ENL501
94-2485802,CRL301
94-2485802,TRA602
94-2485802,REL202
94-2485802,EDU401
94-2485802,POL102
94-2485802,ION801
83-2485653,REL202
83-2485653,BUF201
83-2485653,ION801
83-2485653,SCE302
83-2485653,ENL501
83-2485653,HWE701
37-7995936,USN702
37-7995936,HWE701
37-7995936,CRL301
37-7995936,SCE302
37-7995936,BUF201
37-7995936,TEC502
37-7995936,POL102
48-5259675,REL202
48-5259675,BUF201
48-5259675,HWE701
48-5259675,SPO402
48-5259675,USN702
99-0960105,ION801
99-0960105,USN702
99-0960105,CRL301
05-5774001,ENL501
05-5774001,SCE302
05-5774001,POL102
05-5774001,TEC502
05-5774001,LGB901
05-5774001,USN702
26-7626874,EDU401
26-7626874,HWE701
26-7626874,CRL301
26-7626874,USN702
26-7626874,ART101
26-7626874,GNC601
26-7626874,TRA602
97-0902653,EDU401
63-6180404,SPO402
63-6180404,LGB901
63-6180404,EDU401
63-6180404,POL102
63-6180404,USN702
63-6180404,REL202
63-6180404,GNC601
55-9716051,REL202
55-9716051,USN702
55-9716051,SCE302
64-7278023,LGB901
64-7278023,TEC502
64-7278023,ART101
98-8461693,REL202
98-8461693,CRL301
98-8461693,TRA602
98-8461693,LGB901
86-1164092,HWE701
86-1164092,REL202
86-1164092,USN702
86-1164092,ENL501
86-1164092,BUF201
86-1164092,EDU401
86-1164092,LGB901
75-0487833,HWE701
75-0487833,SCE302
75-0487833,USN702
75-0487833,TRA602
75-0487833,ENL501
75-0487833,ION801
60-7753383,POL102
60-7753383,TEC502
60-7753383,SCE302
60-7753383,ION801
36-4512224,SPO402
36-4512224,USN702
36-4512224,ART101
36-4512224,REL202
45-4701942,TEC502
45-4701942,ART101
45-4701942,ENL501
45-4701942,LGB901
45-4701942,USN702
45-4701942,POL102
45-4701942,GNC601
05-1184759,CRL301
28-7047395,ION801
28-7047395,USN702
28-7047395,ART101
28-7047395,LGB901
28-7047395,TRA602
28-7047395,TEC502
31-6982497,SPO402
31-6982497,ART101
31-6982497,TRA602
70-7366046,CRL301
70-7366046,REL202
70-7366046,SPO402
70-7366046,BUF201
70-7366046,USN702
70-7366046,TRA602
70-7366046,ART101
50-9243371,POL102
50-9243371,LGB901
45-1094671,ART101
45-1094671,CRL301
45-1094671,ION801
45-1094671,GNC601
45-1094671,HWE701
45-1094671,ENL501
62-8252631,ION801
62-8252631,REL202
62-8252631,TEC502
25-8719713,CRL301
25-8719713,TRA602
25-8719713,EDU401
25-8719713,USN702
58-2581221,HWE701
58-2581221,SCE302
58-2581221,TEC502
58-2581221,BUF201
58-2581221,TRA602
58-2581221,REL202
58-2581221,ION801
06-3590791,USN702
06-3590791,CRL301
06-3590791,SCE302
65-9866500,TRA602
65-9866500,CRL301
65-9866500,LGB901
65-9866500,SPO402
90-2214534,SCE302
90-2214534,CRL301
90-2214534,BUF201
98-7955587,SCE302
59-4816489,SCE302
59-4816489,REL202
59-4816489,CRL301
59-4816489,ION801
37-9581224,GNC601
37-9581224,BUF201
37-9581224,LGB901
31-6470761,GNC601
31-6470761,POL102
12-2269482,HWE701
12-2269482,ART101
12-2269482,SPO402
12-2269482,TRA602
12-2269482,POL102
03-0395077,EDU401
03-0395077,SPO402
03-0395077,POL102
03-0395077,HWE701
03-0395077,USN702
03-0395077,SCE302
03-0395077,ION801
35-6672058,REL202
35-6672058,TEC502
35-6672058,GNC601
96-3833473,BUF201
96-3833473,ENL501
96-3833473,EDU401
96-3833473,GNC601
96-3833473,SCE302
76-8643652,USN702
76-8643652,CRL301
76-8643652,ION801
76-8643652,TRA602
76-8643652,REL202
38-3318167,ART101
38-3318167,ENL501
38-3318167,USN702
10-1206950,GNC601
10-1206950,ENL501
25-8724663,ION801
25-8724663,ENL501
25-8724663,BUF201
25-8724663,EDU401
25-8724663,ART101
06-1200459,ENL501
25-9501265,USN702
25-9501265,REL202
25-9501265,HWE701
26-4652234,BUF201
26-4652234,TRA602
26-4652234,CRL301
19-3556393,ION801
19-3556393,SCE302
19-3556393,USN702
19-3556393,HWE701
19-3556393,BUF201
19-3556393,ENL501
71-6477693,SCE302
71-6477693,REL202
60-5290752,EDU401
60-5290752,USN702
60-5290752,ART101
60-5290752,SPO402
60-5290752,POL102
29-1788454,HWE701
29-1788454,ION801
29-1788454,EDU401
91-3708912,REL202
91-3708912,TEC502
62-8514795,LGB901
62-8514795,POL102
62-8514795,SCE302
62-8514795,ART101
62-8514795,SPO402
62-8514795,CRL301
62-8514795,HWE701
13-1693533,SPO402
13-1693533,SCE302
13-1693533,REL202
13-1693533,TEC502
13-1693533,USN702
13-1693533,LGB901
13-1693533,ART101
59-5743348,SPO402
59-5743348,ENL501
98-1540719,LGB901
98-1540719,TEC502
39-3602002,EDU401
39-3602002,BUF201
39-3602002,SCE302
39-3602002,POL102
39-3602002,TEC502
39-3602002,GNC601
39-3602002,ENL501
14-9273324,SCE302
14-9273324,ART101
14-9273324,HWE701
14-9273324,LGB901
14-9273324,EDU401
14-9273324,SPO402
06-5002207,POL102
06-5002207,GNC601
25-9767514,SCE302
25-9767514,USN702
25-9767514,TRA602
25-9767514,GNC601
76-6704374,BUF201
76-6704374,POL102
76-6704374,TRA602
11-7878542,SCE302
11-7878542,POL102
